--
-- PostgreSQL database dump
--

\restrict Zu4xbzytaqmDfhrlTtP04KdRk5f7tRRnKpPrcfEZBdq41enix4YsHIwpPGs91HZ

-- Dumped from database version 17.6
-- Dumped by pg_dump version 17.6

SET statement_timeout = 0;
SET lock_timeout = 0;
SET idle_in_transaction_session_timeout = 0;
SET transaction_timeout = 0;
SET client_encoding = 'UTF8';
SET standard_conforming_strings = on;
SELECT pg_catalog.set_config('search_path', '', false);
SET check_function_bodies = false;
SET xmloption = content;
SET client_min_messages = warning;
SET row_security = off;

SET default_tablespace = '';

SET default_table_access_method = heap;

--
-- Name: auth_group; Type: TABLE; Schema: public; Owner: BuraHub
--

CREATE TABLE public.auth_group (
    id integer NOT NULL,
    name character varying(150) NOT NULL
);


ALTER TABLE public.auth_group OWNER TO "BuraHub";

--
-- Name: auth_group_id_seq; Type: SEQUENCE; Schema: public; Owner: BuraHub
--

ALTER TABLE public.auth_group ALTER COLUMN id ADD GENERATED BY DEFAULT AS IDENTITY (
    SEQUENCE NAME public.auth_group_id_seq
    START WITH 1
    INCREMENT BY 1
    NO MINVALUE
    NO MAXVALUE
    CACHE 1
);


--
-- Name: auth_group_permissions; Type: TABLE; Schema: public; Owner: BuraHub
--

CREATE TABLE public.auth_group_permissions (
    id bigint NOT NULL,
    group_id integer NOT NULL,
    permission_id integer NOT NULL
);


ALTER TABLE public.auth_group_permissions OWNER TO "BuraHub";

--
-- Name: auth_group_permissions_id_seq; Type: SEQUENCE; Schema: public; Owner: BuraHub
--

ALTER TABLE public.auth_group_permissions ALTER COLUMN id ADD GENERATED BY DEFAULT AS IDENTITY (
    SEQUENCE NAME public.auth_group_permissions_id_seq
    START WITH 1
    INCREMENT BY 1
    NO MINVALUE
    NO MAXVALUE
    CACHE 1
);


--
-- Name: auth_permission; Type: TABLE; Schema: public; Owner: BuraHub
--

CREATE TABLE public.auth_permission (
    id integer NOT NULL,
    name character varying(255) NOT NULL,
    content_type_id integer NOT NULL,
    codename character varying(100) NOT NULL
);


ALTER TABLE public.auth_permission OWNER TO "BuraHub";

--
-- Name: auth_permission_id_seq; Type: SEQUENCE; Schema: public; Owner: BuraHub
--

ALTER TABLE public.auth_permission ALTER COLUMN id ADD GENERATED BY DEFAULT AS IDENTITY (
    SEQUENCE NAME public.auth_permission_id_seq
    START WITH 1
    INCREMENT BY 1
    NO MINVALUE
    NO MAXVALUE
    CACHE 1
);


--
-- Name: auth_user; Type: TABLE; Schema: public; Owner: BuraHub
--

CREATE TABLE public.auth_user (
    id integer NOT NULL,
    password character varying(128) NOT NULL,
    last_login timestamp with time zone,
    is_superuser boolean NOT NULL,
    username character varying(150) NOT NULL,
    first_name character varying(150) NOT NULL,
    last_name character varying(150) NOT NULL,
    email character varying(254) NOT NULL,
    is_staff boolean NOT NULL,
    is_active boolean NOT NULL,
    date_joined timestamp with time zone NOT NULL
);


ALTER TABLE public.auth_user OWNER TO "BuraHub";

--
-- Name: auth_user_groups; Type: TABLE; Schema: public; Owner: BuraHub
--

CREATE TABLE public.auth_user_groups (
    id bigint NOT NULL,
    user_id integer NOT NULL,
    group_id integer NOT NULL
);


ALTER TABLE public.auth_user_groups OWNER TO "BuraHub";

--
-- Name: auth_user_groups_id_seq; Type: SEQUENCE; Schema: public; Owner: BuraHub
--

ALTER TABLE public.auth_user_groups ALTER COLUMN id ADD GENERATED BY DEFAULT AS IDENTITY (
    SEQUENCE NAME public.auth_user_groups_id_seq
    START WITH 1
    INCREMENT BY 1
    NO MINVALUE
    NO MAXVALUE
    CACHE 1
);


--
-- Name: auth_user_id_seq; Type: SEQUENCE; Schema: public; Owner: BuraHub
--

ALTER TABLE public.auth_user ALTER COLUMN id ADD GENERATED BY DEFAULT AS IDENTITY (
    SEQUENCE NAME public.auth_user_id_seq
    START WITH 1
    INCREMENT BY 1
    NO MINVALUE
    NO MAXVALUE
    CACHE 1
);


--
-- Name: auth_user_user_permissions; Type: TABLE; Schema: public; Owner: BuraHub
--

CREATE TABLE public.auth_user_user_permissions (
    id bigint NOT NULL,
    user_id integer NOT NULL,
    permission_id integer NOT NULL
);


ALTER TABLE public.auth_user_user_permissions OWNER TO "BuraHub";

--
-- Name: auth_user_user_permissions_id_seq; Type: SEQUENCE; Schema: public; Owner: BuraHub
--

ALTER TABLE public.auth_user_user_permissions ALTER COLUMN id ADD GENERATED BY DEFAULT AS IDENTITY (
    SEQUENCE NAME public.auth_user_user_permissions_id_seq
    START WITH 1
    INCREMENT BY 1
    NO MINVALUE
    NO MAXVALUE
    CACHE 1
);


--
-- Name: authentication_authtoken; Type: TABLE; Schema: public; Owner: BuraHub
--

CREATE TABLE public.authentication_authtoken (
    id bigint NOT NULL,
    key character varying(64) NOT NULL,
    name character varying(100) NOT NULL,
    created timestamp with time zone NOT NULL,
    expires_at timestamp with time zone NOT NULL,
    last_used timestamp with time zone NOT NULL,
    is_active boolean NOT NULL,
    user_agent text NOT NULL,
    ip_address inet,
    device_type character varying(50) NOT NULL,
    user_id integer NOT NULL
);


ALTER TABLE public.authentication_authtoken OWNER TO "BuraHub";

--
-- Name: authentication_authtoken_id_seq; Type: SEQUENCE; Schema: public; Owner: BuraHub
--

ALTER TABLE public.authentication_authtoken ALTER COLUMN id ADD GENERATED BY DEFAULT AS IDENTITY (
    SEQUENCE NAME public.authentication_authtoken_id_seq
    START WITH 1
    INCREMENT BY 1
    NO MINVALUE
    NO MAXVALUE
    CACHE 1
);


--
-- Name: authentication_loginattempt; Type: TABLE; Schema: public; Owner: BuraHub
--

CREATE TABLE public.authentication_loginattempt (
    id bigint NOT NULL,
    username character varying(150) NOT NULL,
    ip_address inet NOT NULL,
    user_agent text NOT NULL,
    status character varying(20) NOT NULL,
    "timestamp" timestamp with time zone NOT NULL,
    failure_reason character varying(200) NOT NULL,
    user_id integer
);


ALTER TABLE public.authentication_loginattempt OWNER TO "BuraHub";

--
-- Name: authentication_loginattempt_id_seq; Type: SEQUENCE; Schema: public; Owner: BuraHub
--

ALTER TABLE public.authentication_loginattempt ALTER COLUMN id ADD GENERATED BY DEFAULT AS IDENTITY (
    SEQUENCE NAME public.authentication_loginattempt_id_seq
    START WITH 1
    INCREMENT BY 1
    NO MINVALUE
    NO MAXVALUE
    CACHE 1
);


--
-- Name: authentication_refreshtoken; Type: TABLE; Schema: public; Owner: BuraHub
--

CREATE TABLE public.authentication_refreshtoken (
    id bigint NOT NULL,
    token character varying(64) NOT NULL,
    created timestamp with time zone NOT NULL,
    expires_at timestamp with time zone NOT NULL,
    is_active boolean NOT NULL,
    user_id integer NOT NULL
);


ALTER TABLE public.authentication_refreshtoken OWNER TO "BuraHub";

--
-- Name: authentication_refreshtoken_id_seq; Type: SEQUENCE; Schema: public; Owner: BuraHub
--

ALTER TABLE public.authentication_refreshtoken ALTER COLUMN id ADD GENERATED BY DEFAULT AS IDENTITY (
    SEQUENCE NAME public.authentication_refreshtoken_id_seq
    START WITH 1
    INCREMENT BY 1
    NO MINVALUE
    NO MAXVALUE
    CACHE 1
);


--
-- Name: authentication_userprofile; Type: TABLE; Schema: public; Owner: BuraHub
--

CREATE TABLE public.authentication_userprofile (
    id bigint NOT NULL,
    created_at timestamp with time zone NOT NULL,
    last_login_ip inet,
    last_activity timestamp with time zone NOT NULL,
    failed_login_attempts integer NOT NULL,
    locked_until timestamp with time zone,
    password_changed_at timestamp with time zone NOT NULL,
    require_password_change boolean NOT NULL,
    phone_number character varying(17) NOT NULL,
    two_factor_enabled boolean NOT NULL,
    notification_preferences jsonb NOT NULL,
    theme_preference character varying(20) NOT NULL,
    language character varying(10) NOT NULL,
    avatar character varying(100),
    bio text NOT NULL,
    date_of_birth date,
    updated_at timestamp with time zone NOT NULL,
    user_id integer NOT NULL,
    CONSTRAINT authentication_userprofile_failed_login_attempts_check CHECK ((failed_login_attempts >= 0))
);


ALTER TABLE public.authentication_userprofile OWNER TO "BuraHub";

--
-- Name: authentication_userprofile_id_seq; Type: SEQUENCE; Schema: public; Owner: BuraHub
--

ALTER TABLE public.authentication_userprofile ALTER COLUMN id ADD GENERATED BY DEFAULT AS IDENTITY (
    SEQUENCE NAME public.authentication_userprofile_id_seq
    START WITH 1
    INCREMENT BY 1
    NO MINVALUE
    NO MAXVALUE
    CACHE 1
);


--
-- Name: authtoken_token; Type: TABLE; Schema: public; Owner: BuraHub
--

CREATE TABLE public.authtoken_token (
    key character varying(40) NOT NULL,
    created timestamp with time zone NOT NULL,
    user_id integer NOT NULL
);


ALTER TABLE public.authtoken_token OWNER TO "BuraHub";

--
-- Name: django_admin_log; Type: TABLE; Schema: public; Owner: BuraHub
--

CREATE TABLE public.django_admin_log (
    id integer NOT NULL,
    action_time timestamp with time zone NOT NULL,
    object_id text,
    object_repr character varying(200) NOT NULL,
    action_flag smallint NOT NULL,
    change_message text NOT NULL,
    content_type_id integer,
    user_id integer NOT NULL,
    CONSTRAINT django_admin_log_action_flag_check CHECK ((action_flag >= 0))
);


ALTER TABLE public.django_admin_log OWNER TO "BuraHub";

--
-- Name: django_admin_log_id_seq; Type: SEQUENCE; Schema: public; Owner: BuraHub
--

ALTER TABLE public.django_admin_log ALTER COLUMN id ADD GENERATED BY DEFAULT AS IDENTITY (
    SEQUENCE NAME public.django_admin_log_id_seq
    START WITH 1
    INCREMENT BY 1
    NO MINVALUE
    NO MAXVALUE
    CACHE 1
);


--
-- Name: django_celery_beat_clockedschedule; Type: TABLE; Schema: public; Owner: BuraHub
--

CREATE TABLE public.django_celery_beat_clockedschedule (
    id integer NOT NULL,
    clocked_time timestamp with time zone NOT NULL
);


ALTER TABLE public.django_celery_beat_clockedschedule OWNER TO "BuraHub";

--
-- Name: django_celery_beat_clockedschedule_id_seq; Type: SEQUENCE; Schema: public; Owner: BuraHub
--

ALTER TABLE public.django_celery_beat_clockedschedule ALTER COLUMN id ADD GENERATED BY DEFAULT AS IDENTITY (
    SEQUENCE NAME public.django_celery_beat_clockedschedule_id_seq
    START WITH 1
    INCREMENT BY 1
    NO MINVALUE
    NO MAXVALUE
    CACHE 1
);


--
-- Name: django_celery_beat_crontabschedule; Type: TABLE; Schema: public; Owner: BuraHub
--

CREATE TABLE public.django_celery_beat_crontabschedule (
    id integer NOT NULL,
    minute character varying(240) NOT NULL,
    hour character varying(96) NOT NULL,
    day_of_week character varying(64) NOT NULL,
    day_of_month character varying(124) NOT NULL,
    month_of_year character varying(64) NOT NULL,
    timezone character varying(63) NOT NULL
);


ALTER TABLE public.django_celery_beat_crontabschedule OWNER TO "BuraHub";

--
-- Name: django_celery_beat_crontabschedule_id_seq; Type: SEQUENCE; Schema: public; Owner: BuraHub
--

ALTER TABLE public.django_celery_beat_crontabschedule ALTER COLUMN id ADD GENERATED BY DEFAULT AS IDENTITY (
    SEQUENCE NAME public.django_celery_beat_crontabschedule_id_seq
    START WITH 1
    INCREMENT BY 1
    NO MINVALUE
    NO MAXVALUE
    CACHE 1
);


--
-- Name: django_celery_beat_intervalschedule; Type: TABLE; Schema: public; Owner: BuraHub
--

CREATE TABLE public.django_celery_beat_intervalschedule (
    id integer NOT NULL,
    every integer NOT NULL,
    period character varying(24) NOT NULL
);


ALTER TABLE public.django_celery_beat_intervalschedule OWNER TO "BuraHub";

--
-- Name: django_celery_beat_intervalschedule_id_seq; Type: SEQUENCE; Schema: public; Owner: BuraHub
--

ALTER TABLE public.django_celery_beat_intervalschedule ALTER COLUMN id ADD GENERATED BY DEFAULT AS IDENTITY (
    SEQUENCE NAME public.django_celery_beat_intervalschedule_id_seq
    START WITH 1
    INCREMENT BY 1
    NO MINVALUE
    NO MAXVALUE
    CACHE 1
);


--
-- Name: django_celery_beat_periodictask; Type: TABLE; Schema: public; Owner: BuraHub
--

CREATE TABLE public.django_celery_beat_periodictask (
    id integer NOT NULL,
    name character varying(200) NOT NULL,
    task character varying(200) NOT NULL,
    args text NOT NULL,
    kwargs text NOT NULL,
    queue character varying(200),
    exchange character varying(200),
    routing_key character varying(200),
    expires timestamp with time zone,
    enabled boolean NOT NULL,
    last_run_at timestamp with time zone,
    total_run_count integer NOT NULL,
    date_changed timestamp with time zone NOT NULL,
    description text NOT NULL,
    crontab_id integer,
    interval_id integer,
    solar_id integer,
    one_off boolean NOT NULL,
    start_time timestamp with time zone,
    priority integer,
    headers text NOT NULL,
    clocked_id integer,
    expire_seconds integer,
    CONSTRAINT django_celery_beat_periodictask_expire_seconds_check CHECK ((expire_seconds >= 0)),
    CONSTRAINT django_celery_beat_periodictask_priority_check CHECK ((priority >= 0)),
    CONSTRAINT django_celery_beat_periodictask_total_run_count_check CHECK ((total_run_count >= 0))
);


ALTER TABLE public.django_celery_beat_periodictask OWNER TO "BuraHub";

--
-- Name: django_celery_beat_periodictask_id_seq; Type: SEQUENCE; Schema: public; Owner: BuraHub
--

ALTER TABLE public.django_celery_beat_periodictask ALTER COLUMN id ADD GENERATED BY DEFAULT AS IDENTITY (
    SEQUENCE NAME public.django_celery_beat_periodictask_id_seq
    START WITH 1
    INCREMENT BY 1
    NO MINVALUE
    NO MAXVALUE
    CACHE 1
);


--
-- Name: django_celery_beat_periodictasks; Type: TABLE; Schema: public; Owner: BuraHub
--

CREATE TABLE public.django_celery_beat_periodictasks (
    ident smallint NOT NULL,
    last_update timestamp with time zone NOT NULL
);


ALTER TABLE public.django_celery_beat_periodictasks OWNER TO "BuraHub";

--
-- Name: django_celery_beat_solarschedule; Type: TABLE; Schema: public; Owner: BuraHub
--

CREATE TABLE public.django_celery_beat_solarschedule (
    id integer NOT NULL,
    event character varying(24) NOT NULL,
    latitude numeric(9,6) NOT NULL,
    longitude numeric(9,6) NOT NULL
);


ALTER TABLE public.django_celery_beat_solarschedule OWNER TO "BuraHub";

--
-- Name: django_celery_beat_solarschedule_id_seq; Type: SEQUENCE; Schema: public; Owner: BuraHub
--

ALTER TABLE public.django_celery_beat_solarschedule ALTER COLUMN id ADD GENERATED BY DEFAULT AS IDENTITY (
    SEQUENCE NAME public.django_celery_beat_solarschedule_id_seq
    START WITH 1
    INCREMENT BY 1
    NO MINVALUE
    NO MAXVALUE
    CACHE 1
);


--
-- Name: django_content_type; Type: TABLE; Schema: public; Owner: BuraHub
--

CREATE TABLE public.django_content_type (
    id integer NOT NULL,
    app_label character varying(100) NOT NULL,
    model character varying(100) NOT NULL
);


ALTER TABLE public.django_content_type OWNER TO "BuraHub";

--
-- Name: django_content_type_id_seq; Type: SEQUENCE; Schema: public; Owner: BuraHub
--

ALTER TABLE public.django_content_type ALTER COLUMN id ADD GENERATED BY DEFAULT AS IDENTITY (
    SEQUENCE NAME public.django_content_type_id_seq
    START WITH 1
    INCREMENT BY 1
    NO MINVALUE
    NO MAXVALUE
    CACHE 1
);


--
-- Name: django_migrations; Type: TABLE; Schema: public; Owner: BuraHub
--

CREATE TABLE public.django_migrations (
    id bigint NOT NULL,
    app character varying(255) NOT NULL,
    name character varying(255) NOT NULL,
    applied timestamp with time zone NOT NULL
);


ALTER TABLE public.django_migrations OWNER TO "BuraHub";

--
-- Name: django_migrations_id_seq; Type: SEQUENCE; Schema: public; Owner: BuraHub
--

ALTER TABLE public.django_migrations ALTER COLUMN id ADD GENERATED BY DEFAULT AS IDENTITY (
    SEQUENCE NAME public.django_migrations_id_seq
    START WITH 1
    INCREMENT BY 1
    NO MINVALUE
    NO MAXVALUE
    CACHE 1
);


--
-- Name: django_session; Type: TABLE; Schema: public; Owner: BuraHub
--

CREATE TABLE public.django_session (
    session_key character varying(40) NOT NULL,
    session_data text NOT NULL,
    expire_date timestamp with time zone NOT NULL
);


ALTER TABLE public.django_session OWNER TO "BuraHub";

--
-- Name: external_energy_energyalert; Type: TABLE; Schema: public; Owner: BuraHub
--

CREATE TABLE public.external_energy_energyalert (
    id bigint NOT NULL,
    alert_type character varying(50) NOT NULL,
    severity character varying(20) NOT NULL,
    title character varying(200) NOT NULL,
    description text NOT NULL,
    affected_date date NOT NULL,
    is_active boolean NOT NULL,
    created_at timestamp with time zone NOT NULL,
    resolved_at timestamp with time zone
);


ALTER TABLE public.external_energy_energyalert OWNER TO "BuraHub";

--
-- Name: external_energy_energyalert_id_seq; Type: SEQUENCE; Schema: public; Owner: BuraHub
--

ALTER TABLE public.external_energy_energyalert ALTER COLUMN id ADD GENERATED BY DEFAULT AS IDENTITY (
    SEQUENCE NAME public.external_energy_energyalert_id_seq
    START WITH 1
    INCREMENT BY 1
    NO MINVALUE
    NO MAXVALUE
    CACHE 1
);


--
-- Name: external_energy_energymarketdata; Type: TABLE; Schema: public; Owner: BuraHub
--

CREATE TABLE public.external_energy_energymarketdata (
    id bigint NOT NULL,
    date date NOT NULL,
    demand_mw numeric(10,2) NOT NULL,
    supply_mw numeric(10,2) NOT NULL,
    hydro_percentage numeric(5,2) NOT NULL,
    thermal_percentage numeric(5,2) NOT NULL,
    renewable_percentage numeric(5,2) NOT NULL,
    market_price_cop_mwh numeric(10,2) NOT NULL,
    created_at timestamp with time zone NOT NULL
);


ALTER TABLE public.external_energy_energymarketdata OWNER TO "BuraHub";

--
-- Name: external_energy_energymarketdata_id_seq; Type: SEQUENCE; Schema: public; Owner: BuraHub
--

ALTER TABLE public.external_energy_energymarketdata ALTER COLUMN id ADD GENERATED BY DEFAULT AS IDENTITY (
    SEQUENCE NAME public.external_energy_energymarketdata_id_seq
    START WITH 1
    INCREMENT BY 1
    NO MINVALUE
    NO MAXVALUE
    CACHE 1
);


--
-- Name: external_energy_energyprice; Type: TABLE; Schema: public; Owner: BuraHub
--

CREATE TABLE public.external_energy_energyprice (
    id bigint NOT NULL,
    date date NOT NULL,
    price_per_kwh numeric(8,4) NOT NULL,
    source character varying(100) NOT NULL,
    region character varying(100) NOT NULL,
    created_at timestamp with time zone NOT NULL,
    updated_at timestamp with time zone NOT NULL
);


ALTER TABLE public.external_energy_energyprice OWNER TO "BuraHub";

--
-- Name: external_energy_energyprice_id_seq; Type: SEQUENCE; Schema: public; Owner: BuraHub
--

ALTER TABLE public.external_energy_energyprice ALTER COLUMN id ADD GENERATED BY DEFAULT AS IDENTITY (
    SEQUENCE NAME public.external_energy_energyprice_id_seq
    START WITH 1
    INCREMENT BY 1
    NO MINVALUE
    NO MAXVALUE
    CACHE 1
);


--
-- Name: external_energy_energypriceforecast; Type: TABLE; Schema: public; Owner: BuraHub
--

CREATE TABLE public.external_energy_energypriceforecast (
    id bigint NOT NULL,
    date date NOT NULL,
    predicted_price_kwh numeric(8,4) NOT NULL,
    confidence_level numeric(5,2) NOT NULL,
    source character varying(100) NOT NULL,
    algorithm character varying(100) NOT NULL,
    created_at timestamp with time zone NOT NULL
);


ALTER TABLE public.external_energy_energypriceforecast OWNER TO "BuraHub";

--
-- Name: external_energy_energypriceforecast_id_seq; Type: SEQUENCE; Schema: public; Owner: BuraHub
--

ALTER TABLE public.external_energy_energypriceforecast ALTER COLUMN id ADD GENERATED BY DEFAULT AS IDENTITY (
    SEQUENCE NAME public.external_energy_energypriceforecast_id_seq
    START WITH 1
    INCREMENT BY 1
    NO MINVALUE
    NO MAXVALUE
    CACHE 1
);


--
-- Name: external_energy_energysavings; Type: TABLE; Schema: public; Owner: BuraHub
--

CREATE TABLE public.external_energy_energysavings (
    id bigint NOT NULL,
    date date NOT NULL,
    total_consumed_kwh numeric(10,2) NOT NULL,
    total_generated_kwh numeric(10,2) NOT NULL,
    average_price_kwh numeric(8,4) NOT NULL,
    total_savings_cop numeric(12,2) NOT NULL,
    savings_percentage numeric(5,2) NOT NULL,
    self_consumption_percentage numeric(5,2) NOT NULL,
    excess_energy_kwh numeric(10,2) NOT NULL,
    created_at timestamp with time zone NOT NULL,
    updated_at timestamp with time zone NOT NULL
);


ALTER TABLE public.external_energy_energysavings OWNER TO "BuraHub";

--
-- Name: external_energy_energysavings_id_seq; Type: SEQUENCE; Schema: public; Owner: BuraHub
--

ALTER TABLE public.external_energy_energysavings ALTER COLUMN id ADD GENERATED BY DEFAULT AS IDENTITY (
    SEQUENCE NAME public.external_energy_energysavings_id_seq
    START WITH 1
    INCREMENT BY 1
    NO MINVALUE
    NO MAXVALUE
    CACHE 1
);


--
-- Name: indicators_dailychartdata; Type: TABLE; Schema: public; Owner: BuraHub
--

CREATE TABLE public.indicators_dailychartdata (
    id bigint NOT NULL,
    date date NOT NULL,
    daily_consumption double precision NOT NULL,
    daily_generation double precision NOT NULL,
    daily_balance double precision NOT NULL,
    avg_daily_temp double precision NOT NULL,
    avg_wind_speed double precision NOT NULL,
    avg_irradiance double precision NOT NULL
);


ALTER TABLE public.indicators_dailychartdata OWNER TO "BuraHub";

--
-- Name: indicators_dailychartdata_id_seq; Type: SEQUENCE; Schema: public; Owner: BuraHub
--

ALTER TABLE public.indicators_dailychartdata ALTER COLUMN id ADD GENERATED BY DEFAULT AS IDENTITY (
    SEQUENCE NAME public.indicators_dailychartdata_id_seq
    START WITH 1
    INCREMENT BY 1
    NO MINVALUE
    NO MAXVALUE
    CACHE 1
);


--
-- Name: indicators_electricmeterchartdata; Type: TABLE; Schema: public; Owner: BuraHub
--

CREATE TABLE public.indicators_electricmeterchartdata (
    id bigint NOT NULL,
    date date NOT NULL,
    hourly_consumption jsonb NOT NULL,
    daily_consumption double precision NOT NULL,
    peak_hour integer NOT NULL,
    peak_value double precision NOT NULL,
    calculated_at timestamp with time zone NOT NULL,
    device_id integer NOT NULL,
    institution_id bigint NOT NULL
);


ALTER TABLE public.indicators_electricmeterchartdata OWNER TO "BuraHub";

--
-- Name: indicators_electricmeterchartdata_id_seq; Type: SEQUENCE; Schema: public; Owner: BuraHub
--

ALTER TABLE public.indicators_electricmeterchartdata ALTER COLUMN id ADD GENERATED BY DEFAULT AS IDENTITY (
    SEQUENCE NAME public.indicators_electricmeterchartdata_id_seq
    START WITH 1
    INCREMENT BY 1
    NO MINVALUE
    NO MAXVALUE
    CACHE 1
);


--
-- Name: indicators_electricmeterconsumption; Type: TABLE; Schema: public; Owner: BuraHub
--

CREATE TABLE public.indicators_electricmeterconsumption (
    id bigint NOT NULL,
    date date NOT NULL,
    time_range character varying(20) NOT NULL,
    cumulative_active_power double precision NOT NULL,
    total_active_power double precision NOT NULL,
    peak_demand double precision NOT NULL,
    avg_demand double precision NOT NULL,
    measurement_count integer NOT NULL,
    last_measurement_date timestamp with time zone,
    calculated_at timestamp with time zone NOT NULL,
    device_id integer NOT NULL,
    institution_id bigint NOT NULL
);


ALTER TABLE public.indicators_electricmeterconsumption OWNER TO "BuraHub";

--
-- Name: indicators_electricmeterconsumption_id_seq; Type: SEQUENCE; Schema: public; Owner: BuraHub
--

ALTER TABLE public.indicators_electricmeterconsumption ALTER COLUMN id ADD GENERATED BY DEFAULT AS IDENTITY (
    SEQUENCE NAME public.indicators_electricmeterconsumption_id_seq
    START WITH 1
    INCREMENT BY 1
    NO MINVALUE
    NO MAXVALUE
    CACHE 1
);


--
-- Name: indicators_electricmeterenergyconsumption; Type: TABLE; Schema: public; Owner: BuraHub
--

CREATE TABLE public.indicators_electricmeterenergyconsumption (
    id bigint NOT NULL,
    date date NOT NULL,
    time_range character varying(20) NOT NULL,
    imported_energy_low double precision NOT NULL,
    imported_energy_high double precision NOT NULL,
    total_imported_energy double precision NOT NULL,
    exported_energy_low double precision NOT NULL,
    exported_energy_high double precision NOT NULL,
    total_exported_energy double precision NOT NULL,
    net_energy_consumption double precision NOT NULL,
    measurement_count integer NOT NULL,
    last_measurement_date timestamp with time zone,
    created_at timestamp with time zone NOT NULL,
    updated_at timestamp with time zone NOT NULL,
    device_id integer NOT NULL,
    institution_id bigint NOT NULL
);


ALTER TABLE public.indicators_electricmeterenergyconsumption OWNER TO "BuraHub";

--
-- Name: indicators_electricmeterenergyconsumption_id_seq; Type: SEQUENCE; Schema: public; Owner: BuraHub
--

ALTER TABLE public.indicators_electricmeterenergyconsumption ALTER COLUMN id ADD GENERATED BY DEFAULT AS IDENTITY (
    SEQUENCE NAME public.indicators_electricmeterenergyconsumption_id_seq
    START WITH 1
    INCREMENT BY 1
    NO MINVALUE
    NO MAXVALUE
    CACHE 1
);


--
-- Name: indicators_electricmeterindicators; Type: TABLE; Schema: public; Owner: BuraHub
--

CREATE TABLE public.indicators_electricmeterindicators (
    id bigint NOT NULL,
    date date NOT NULL,
    time_range character varying(20) NOT NULL,
    imported_energy_kwh double precision NOT NULL,
    exported_energy_kwh double precision NOT NULL,
    net_energy_consumption_kwh double precision NOT NULL,
    peak_demand_kw double precision NOT NULL,
    avg_demand_kw double precision NOT NULL,
    load_factor_pct double precision NOT NULL,
    avg_power_factor double precision NOT NULL,
    max_voltage_unbalance_pct double precision NOT NULL,
    max_current_unbalance_pct double precision NOT NULL,
    max_voltage_thd_pct double precision NOT NULL,
    max_current_thd_pct double precision NOT NULL,
    max_current_tdd_pct double precision NOT NULL,
    measurement_count integer NOT NULL,
    last_measurement_date timestamp with time zone,
    calculated_at timestamp with time zone NOT NULL,
    device_id integer NOT NULL,
    institution_id bigint NOT NULL
);


ALTER TABLE public.indicators_electricmeterindicators OWNER TO "BuraHub";

--
-- Name: indicators_electricmeterindicators_id_seq; Type: SEQUENCE; Schema: public; Owner: BuraHub
--

ALTER TABLE public.indicators_electricmeterindicators ALTER COLUMN id ADD GENERATED BY DEFAULT AS IDENTITY (
    SEQUENCE NAME public.indicators_electricmeterindicators_id_seq
    START WITH 1
    INCREMENT BY 1
    NO MINVALUE
    NO MAXVALUE
    CACHE 1
);


--
-- Name: indicators_generatedreport; Type: TABLE; Schema: public; Owner: BuraHub
--

CREATE TABLE public.indicators_generatedreport (
    id bigint NOT NULL,
    task_id character varying(255) NOT NULL,
    user_id integer NOT NULL,
    report_type character varying(100) NOT NULL,
    category character varying(50) NOT NULL,
    institution_id integer NOT NULL,
    institution_name character varying(255) NOT NULL,
    devices jsonb NOT NULL,
    time_range character varying(20) NOT NULL,
    start_date date NOT NULL,
    end_date date NOT NULL,
    format character varying(10) NOT NULL,
    status character varying(20) NOT NULL,
    file_path character varying(500),
    file_size character varying(20),
    record_count integer NOT NULL,
    error_message text,
    created_at timestamp with time zone NOT NULL,
    updated_at timestamp with time zone NOT NULL,
    completed_at timestamp with time zone
);


ALTER TABLE public.indicators_generatedreport OWNER TO "BuraHub";

--
-- Name: indicators_generatedreport_id_seq; Type: SEQUENCE; Schema: public; Owner: BuraHub
--

ALTER TABLE public.indicators_generatedreport ALTER COLUMN id ADD GENERATED BY DEFAULT AS IDENTITY (
    SEQUENCE NAME public.indicators_generatedreport_id_seq
    START WITH 1
    INCREMENT BY 1
    NO MINVALUE
    NO MAXVALUE
    CACHE 1
);


--
-- Name: indicators_inverterchartdata; Type: TABLE; Schema: public; Owner: BuraHub
--

CREATE TABLE public.indicators_inverterchartdata (
    id bigint NOT NULL,
    date date NOT NULL,
    hourly_efficiency jsonb NOT NULL,
    hourly_generation jsonb NOT NULL,
    hourly_irradiance jsonb NOT NULL,
    hourly_temperature jsonb NOT NULL,
    hourly_dc_power jsonb NOT NULL,
    hourly_ac_power jsonb NOT NULL,
    calculated_at timestamp with time zone NOT NULL,
    device_id integer NOT NULL,
    institution_id bigint NOT NULL
);


ALTER TABLE public.indicators_inverterchartdata OWNER TO "BuraHub";

--
-- Name: indicators_inverterchartdata_id_seq; Type: SEQUENCE; Schema: public; Owner: BuraHub
--

ALTER TABLE public.indicators_inverterchartdata ALTER COLUMN id ADD GENERATED BY DEFAULT AS IDENTITY (
    SEQUENCE NAME public.indicators_inverterchartdata_id_seq
    START WITH 1
    INCREMENT BY 1
    NO MINVALUE
    NO MAXVALUE
    CACHE 1
);


--
-- Name: indicators_inverterindicators; Type: TABLE; Schema: public; Owner: BuraHub
--

CREATE TABLE public.indicators_inverterindicators (
    id bigint NOT NULL,
    date date NOT NULL,
    time_range character varying(20) NOT NULL,
    dc_ac_efficiency_pct double precision NOT NULL,
    energy_ac_daily_kwh double precision NOT NULL,
    energy_dc_daily_kwh double precision NOT NULL,
    total_generated_energy_kwh double precision NOT NULL,
    performance_ratio_pct double precision NOT NULL,
    reference_energy_kwh double precision NOT NULL,
    avg_irradiance_wm2 double precision NOT NULL,
    avg_temperature_c double precision NOT NULL,
    max_power_w double precision NOT NULL,
    min_power_w double precision NOT NULL,
    avg_power_factor_pct double precision NOT NULL,
    avg_reactive_power_var double precision NOT NULL,
    avg_apparent_power_va double precision NOT NULL,
    avg_frequency_hz double precision NOT NULL,
    frequency_stability_pct double precision NOT NULL,
    max_voltage_unbalance_pct double precision NOT NULL,
    max_current_unbalance_pct double precision NOT NULL,
    anomaly_score double precision NOT NULL,
    anomaly_details jsonb NOT NULL,
    measurement_count integer NOT NULL,
    last_measurement_date timestamp with time zone,
    calculated_at timestamp with time zone NOT NULL,
    device_id integer NOT NULL,
    institution_id bigint NOT NULL
);


ALTER TABLE public.indicators_inverterindicators OWNER TO "BuraHub";

--
-- Name: indicators_inverterindicators_id_seq; Type: SEQUENCE; Schema: public; Owner: BuraHub
--

ALTER TABLE public.indicators_inverterindicators ALTER COLUMN id ADD GENERATED BY DEFAULT AS IDENTITY (
    SEQUENCE NAME public.indicators_inverterindicators_id_seq
    START WITH 1
    INCREMENT BY 1
    NO MINVALUE
    NO MAXVALUE
    CACHE 1
);


--
-- Name: indicators_monthlyconsumptionkpi; Type: TABLE; Schema: public; Owner: BuraHub
--

CREATE TABLE public.indicators_monthlyconsumptionkpi (
    id bigint NOT NULL,
    total_consumption_current_month double precision NOT NULL,
    total_consumption_previous_month double precision NOT NULL,
    last_calculated timestamp with time zone NOT NULL,
    total_generation_current_month double precision NOT NULL,
    total_generation_previous_month double precision NOT NULL,
    avg_instantaneous_power_current_month double precision NOT NULL,
    avg_instantaneous_power_previous_month double precision NOT NULL,
    avg_daily_temp_current_month double precision NOT NULL,
    avg_daily_temp_previous_month double precision NOT NULL,
    avg_relative_humidity_current_month double precision NOT NULL,
    avg_relative_humidity_previous_month double precision NOT NULL,
    avg_wind_speed_current_month double precision NOT NULL,
    avg_wind_speed_previous_month double precision NOT NULL,
    avg_irradiance_current_month double precision NOT NULL,
    avg_irradiance_previous_month double precision NOT NULL
);


ALTER TABLE public.indicators_monthlyconsumptionkpi OWNER TO "BuraHub";

--
-- Name: indicators_monthlyconsumptionkpi_id_seq; Type: SEQUENCE; Schema: public; Owner: BuraHub
--

ALTER TABLE public.indicators_monthlyconsumptionkpi ALTER COLUMN id ADD GENERATED BY DEFAULT AS IDENTITY (
    SEQUENCE NAME public.indicators_monthlyconsumptionkpi_id_seq
    START WITH 1
    INCREMENT BY 1
    NO MINVALUE
    NO MAXVALUE
    CACHE 1
);


--
-- Name: indicators_weatherstationchartdata; Type: TABLE; Schema: public; Owner: BuraHub
--

CREATE TABLE public.indicators_weatherstationchartdata (
    id bigint NOT NULL,
    date date NOT NULL,
    hourly_irradiance jsonb NOT NULL,
    daily_irradiance_kwh_m2 double precision NOT NULL,
    hourly_temperature jsonb NOT NULL,
    avg_daily_temperature_c double precision NOT NULL,
    hourly_humidity jsonb NOT NULL,
    avg_daily_humidity_pct double precision NOT NULL,
    hourly_wind_speed jsonb NOT NULL,
    hourly_wind_direction jsonb NOT NULL,
    avg_daily_wind_speed_kmh double precision NOT NULL,
    hourly_precipitation jsonb NOT NULL,
    daily_precipitation_cm double precision NOT NULL,
    calculated_at timestamp with time zone NOT NULL,
    device_id integer NOT NULL,
    institution_id bigint NOT NULL
);


ALTER TABLE public.indicators_weatherstationchartdata OWNER TO "BuraHub";

--
-- Name: indicators_weatherstationchartdata_id_seq; Type: SEQUENCE; Schema: public; Owner: BuraHub
--

ALTER TABLE public.indicators_weatherstationchartdata ALTER COLUMN id ADD GENERATED BY DEFAULT AS IDENTITY (
    SEQUENCE NAME public.indicators_weatherstationchartdata_id_seq
    START WITH 1
    INCREMENT BY 1
    NO MINVALUE
    NO MAXVALUE
    CACHE 1
);


--
-- Name: indicators_weatherstationindicators; Type: TABLE; Schema: public; Owner: BuraHub
--

CREATE TABLE public.indicators_weatherstationindicators (
    id bigint NOT NULL,
    date date NOT NULL,
    time_range character varying(20) NOT NULL,
    daily_irradiance_kwh_m2 double precision NOT NULL,
    daily_hsp_hours double precision NOT NULL,
    avg_wind_speed_kmh double precision NOT NULL,
    wind_direction_distribution jsonb NOT NULL,
    wind_speed_distribution jsonb NOT NULL,
    daily_precipitation_cm double precision NOT NULL,
    theoretical_pv_power_w double precision NOT NULL,
    avg_temperature_c double precision NOT NULL,
    avg_humidity_pct double precision NOT NULL,
    max_temperature_c double precision NOT NULL,
    min_temperature_c double precision NOT NULL,
    measurement_count integer NOT NULL,
    last_measurement_date timestamp with time zone,
    calculated_at timestamp with time zone NOT NULL,
    device_id integer NOT NULL,
    institution_id bigint NOT NULL
);


ALTER TABLE public.indicators_weatherstationindicators OWNER TO "BuraHub";

--
-- Name: indicators_weatherstationindicators_id_seq; Type: SEQUENCE; Schema: public; Owner: BuraHub
--

ALTER TABLE public.indicators_weatherstationindicators ALTER COLUMN id ADD GENERATED BY DEFAULT AS IDENTITY (
    SEQUENCE NAME public.indicators_weatherstationindicators_id_seq
    START WITH 1
    INCREMENT BY 1
    NO MINVALUE
    NO MAXVALUE
    CACHE 1
);


--
-- Name: scada_proxy_device; Type: TABLE; Schema: public; Owner: BuraHub
--

CREATE TABLE public.scada_proxy_device (
    id integer NOT NULL,
    scada_id character varying(255) NOT NULL,
    name character varying(255) NOT NULL,
    status character varying(50),
    is_active boolean NOT NULL,
    category_id bigint,
    institution_id bigint
);


ALTER TABLE public.scada_proxy_device OWNER TO "BuraHub";

--
-- Name: scada_proxy_device_id_seq; Type: SEQUENCE; Schema: public; Owner: BuraHub
--

ALTER TABLE public.scada_proxy_device ALTER COLUMN id ADD GENERATED BY DEFAULT AS IDENTITY (
    SEQUENCE NAME public.scada_proxy_device_id_seq
    START WITH 1
    INCREMENT BY 1
    NO MINVALUE
    NO MAXVALUE
    CACHE 1
);


--
-- Name: scada_proxy_devicecategory; Type: TABLE; Schema: public; Owner: BuraHub
--

CREATE TABLE public.scada_proxy_devicecategory (
    id bigint NOT NULL,
    scada_id character varying(255) NOT NULL,
    name character varying(100) NOT NULL,
    description text,
    charts jsonb NOT NULL
);


ALTER TABLE public.scada_proxy_devicecategory OWNER TO "BuraHub";

--
-- Name: scada_proxy_devicecategory_id_seq; Type: SEQUENCE; Schema: public; Owner: BuraHub
--

ALTER TABLE public.scada_proxy_devicecategory ALTER COLUMN id ADD GENERATED BY DEFAULT AS IDENTITY (
    SEQUENCE NAME public.scada_proxy_devicecategory_id_seq
    START WITH 1
    INCREMENT BY 1
    NO MINVALUE
    NO MAXVALUE
    CACHE 1
);


--
-- Name: scada_proxy_institution; Type: TABLE; Schema: public; Owner: BuraHub
--

CREATE TABLE public.scada_proxy_institution (
    id bigint NOT NULL,
    scada_id character varying(255) NOT NULL,
    name character varying(255) NOT NULL
);


ALTER TABLE public.scada_proxy_institution OWNER TO "BuraHub";

--
-- Name: scada_proxy_institution_id_seq; Type: SEQUENCE; Schema: public; Owner: BuraHub
--

ALTER TABLE public.scada_proxy_institution ALTER COLUMN id ADD GENERATED BY DEFAULT AS IDENTITY (
    SEQUENCE NAME public.scada_proxy_institution_id_seq
    START WITH 1
    INCREMENT BY 1
    NO MINVALUE
    NO MAXVALUE
    CACHE 1
);


--
-- Name: scada_proxy_measurement; Type: TABLE; Schema: public; Owner: BuraHub
--

CREATE TABLE public.scada_proxy_measurement (
    id bigint NOT NULL,
    date timestamp with time zone NOT NULL,
    data jsonb NOT NULL,
    device_id integer NOT NULL
);


ALTER TABLE public.scada_proxy_measurement OWNER TO "BuraHub";

--
-- Name: scada_proxy_measurement_id_seq; Type: SEQUENCE; Schema: public; Owner: BuraHub
--

ALTER TABLE public.scada_proxy_measurement ALTER COLUMN id ADD GENERATED BY DEFAULT AS IDENTITY (
    SEQUENCE NAME public.scada_proxy_measurement_id_seq
    START WITH 1
    INCREMENT BY 1
    NO MINVALUE
    NO MAXVALUE
    CACHE 1
);


--
-- Name: scada_proxy_taskprogress; Type: TABLE; Schema: public; Owner: BuraHub
--

CREATE TABLE public.scada_proxy_taskprogress (
    id bigint NOT NULL,
    task_id character varying(255) NOT NULL,
    status character varying(50) NOT NULL,
    processed_devices integer NOT NULL,
    total_devices integer NOT NULL,
    message text,
    started_at timestamp with time zone NOT NULL,
    finished_at timestamp with time zone,
    is_cancelled boolean NOT NULL
);


ALTER TABLE public.scada_proxy_taskprogress OWNER TO "BuraHub";

--
-- Name: scada_proxy_taskprogress_id_seq; Type: SEQUENCE; Schema: public; Owner: BuraHub
--

ALTER TABLE public.scada_proxy_taskprogress ALTER COLUMN id ADD GENERATED BY DEFAULT AS IDENTITY (
    SEQUENCE NAME public.scada_proxy_taskprogress_id_seq
    START WITH 1
    INCREMENT BY 1
    NO MINVALUE
    NO MAXVALUE
    CACHE 1
);


--
-- Data for Name: auth_group; Type: TABLE DATA; Schema: public; Owner: BuraHub
--

COPY public.auth_group (id, name) FROM stdin;
\.


--
-- Data for Name: auth_group_permissions; Type: TABLE DATA; Schema: public; Owner: BuraHub
--

COPY public.auth_group_permissions (id, group_id, permission_id) FROM stdin;
\.


--
-- Data for Name: auth_permission; Type: TABLE DATA; Schema: public; Owner: BuraHub
--

COPY public.auth_permission (id, name, content_type_id, codename) FROM stdin;
1	Can add log entry	1	add_logentry
2	Can change log entry	1	change_logentry
3	Can delete log entry	1	delete_logentry
4	Can view log entry	1	view_logentry
5	Can add permission	2	add_permission
6	Can change permission	2	change_permission
7	Can delete permission	2	delete_permission
8	Can view permission	2	view_permission
9	Can add group	3	add_group
10	Can change group	3	change_group
11	Can delete group	3	delete_group
12	Can view group	3	view_group
13	Can add user	4	add_user
14	Can change user	4	change_user
15	Can delete user	4	delete_user
16	Can view user	4	view_user
17	Can add content type	5	add_contenttype
18	Can change content type	5	change_contenttype
19	Can delete content type	5	delete_contenttype
20	Can view content type	5	view_contenttype
21	Can add session	6	add_session
22	Can change session	6	change_session
23	Can delete session	6	delete_session
24	Can view session	6	view_session
25	Can add Token	7	add_token
26	Can change Token	7	change_token
27	Can delete Token	7	delete_token
28	Can view Token	7	view_token
29	Can add Token	8	add_tokenproxy
30	Can change Token	8	change_tokenproxy
31	Can delete Token	8	delete_tokenproxy
32	Can view Token	8	view_tokenproxy
33	Can add crontab	9	add_crontabschedule
34	Can change crontab	9	change_crontabschedule
35	Can delete crontab	9	delete_crontabschedule
36	Can view crontab	9	view_crontabschedule
37	Can add interval	10	add_intervalschedule
38	Can change interval	10	change_intervalschedule
39	Can delete interval	10	delete_intervalschedule
40	Can view interval	10	view_intervalschedule
41	Can add periodic task	11	add_periodictask
42	Can change periodic task	11	change_periodictask
43	Can delete periodic task	11	delete_periodictask
44	Can view periodic task	11	view_periodictask
45	Can add periodic task track	12	add_periodictasks
46	Can change periodic task track	12	change_periodictasks
47	Can delete periodic task track	12	delete_periodictasks
48	Can view periodic task track	12	view_periodictasks
49	Can add solar event	13	add_solarschedule
50	Can change solar event	13	change_solarschedule
51	Can delete solar event	13	delete_solarschedule
52	Can view solar event	13	view_solarschedule
53	Can add clocked	14	add_clockedschedule
54	Can change clocked	14	change_clockedschedule
55	Can delete clocked	14	delete_clockedschedule
56	Can view clocked	14	view_clockedschedule
57	Can add Token de Autenticación	15	add_authtoken
58	Can change Token de Autenticación	15	change_authtoken
59	Can delete Token de Autenticación	15	delete_authtoken
60	Can view Token de Autenticación	15	view_authtoken
61	Can add Token de Refresco	16	add_refreshtoken
62	Can change Token de Refresco	16	change_refreshtoken
63	Can delete Token de Refresco	16	delete_refreshtoken
64	Can view Token de Refresco	16	view_refreshtoken
65	Can add Perfil de Usuario	17	add_userprofile
66	Can change Perfil de Usuario	17	change_userprofile
67	Can delete Perfil de Usuario	17	delete_userprofile
68	Can view Perfil de Usuario	17	view_userprofile
69	Can add Intento de Login	18	add_loginattempt
70	Can change Intento de Login	18	change_loginattempt
71	Can delete Intento de Login	18	delete_loginattempt
72	Can view Intento de Login	18	view_loginattempt
73	Can add KPI de Consumo, Generación y Balance Mensual	19	add_monthlyconsumptionkpi
74	Can change KPI de Consumo, Generación y Balance Mensual	19	change_monthlyconsumptionkpi
75	Can delete KPI de Consumo, Generación y Balance Mensual	19	delete_monthlyconsumptionkpi
76	Can view KPI de Consumo, Generación y Balance Mensual	19	view_monthlyconsumptionkpi
77	Can add Datos Diarios de Gráfico	20	add_dailychartdata
78	Can change Datos Diarios de Gráfico	20	change_dailychartdata
79	Can delete Datos Diarios de Gráfico	20	delete_dailychartdata
80	Can view Datos Diarios de Gráfico	20	view_dailychartdata
81	Can add Datos de Gráfico de Medidor Eléctrico	21	add_electricmeterchartdata
82	Can change Datos de Gráfico de Medidor Eléctrico	21	change_electricmeterchartdata
83	Can delete Datos de Gráfico de Medidor Eléctrico	21	delete_electricmeterchartdata
84	Can view Datos de Gráfico de Medidor Eléctrico	21	view_electricmeterchartdata
85	Can add Consumo de Medidor Eléctrico	22	add_electricmeterconsumption
86	Can change Consumo de Medidor Eléctrico	22	change_electricmeterconsumption
87	Can delete Consumo de Medidor Eléctrico	22	delete_electricmeterconsumption
88	Can view Consumo de Medidor Eléctrico	22	view_electricmeterconsumption
89	Can add electric meter energy consumption	23	add_electricmeterenergyconsumption
90	Can change electric meter energy consumption	23	change_electricmeterenergyconsumption
91	Can delete electric meter energy consumption	23	delete_electricmeterenergyconsumption
92	Can view electric meter energy consumption	23	view_electricmeterenergyconsumption
93	Can add Indicadores de Medidor Eléctrico	24	add_electricmeterindicators
94	Can change Indicadores de Medidor Eléctrico	24	change_electricmeterindicators
95	Can delete Indicadores de Medidor Eléctrico	24	delete_electricmeterindicators
96	Can view Indicadores de Medidor Eléctrico	24	view_electricmeterindicators
97	Can add Datos de Gráfico de Inversor	25	add_inverterchartdata
98	Can change Datos de Gráfico de Inversor	25	change_inverterchartdata
99	Can delete Datos de Gráfico de Inversor	25	delete_inverterchartdata
100	Can view Datos de Gráfico de Inversor	25	view_inverterchartdata
101	Can add Indicadores de Inversor	26	add_inverterindicators
102	Can change Indicadores de Inversor	26	change_inverterindicators
103	Can delete Indicadores de Inversor	26	delete_inverterindicators
104	Can view Indicadores de Inversor	26	view_inverterindicators
105	Can add Datos de Gráfico de Estación Meteorológica	27	add_weatherstationchartdata
106	Can change Datos de Gráfico de Estación Meteorológica	27	change_weatherstationchartdata
107	Can delete Datos de Gráfico de Estación Meteorológica	27	delete_weatherstationchartdata
108	Can view Datos de Gráfico de Estación Meteorológica	27	view_weatherstationchartdata
109	Can add Indicadores de Estación Meteorológica	28	add_weatherstationindicators
110	Can change Indicadores de Estación Meteorológica	28	change_weatherstationindicators
111	Can delete Indicadores de Estación Meteorológica	28	delete_weatherstationindicators
112	Can view Indicadores de Estación Meteorológica	28	view_weatherstationindicators
113	Can add Reporte Generado	29	add_generatedreport
114	Can change Reporte Generado	29	change_generatedreport
115	Can delete Reporte Generado	29	delete_generatedreport
116	Can view Reporte Generado	29	view_generatedreport
117	Can add device category	30	add_devicecategory
118	Can change device category	30	change_devicecategory
119	Can delete device category	30	delete_devicecategory
120	Can view device category	30	view_devicecategory
121	Can add institution	31	add_institution
122	Can change institution	31	change_institution
123	Can delete institution	31	delete_institution
124	Can view institution	31	view_institution
125	Can add task progress	32	add_taskprogress
126	Can change task progress	32	change_taskprogress
127	Can delete task progress	32	delete_taskprogress
128	Can view task progress	32	view_taskprogress
129	Can add device	33	add_device
130	Can change device	33	change_device
131	Can delete device	33	delete_device
132	Can view device	33	view_device
133	Can add measurement	34	add_measurement
134	Can change measurement	34	change_measurement
135	Can delete measurement	34	delete_measurement
136	Can view measurement	34	view_measurement
137	Can add Alerta de Energía	35	add_energyalert
138	Can change Alerta de Energía	35	change_energyalert
139	Can delete Alerta de Energía	35	delete_energyalert
140	Can view Alerta de Energía	35	view_energyalert
141	Can add Dato del Mercado de Energía	36	add_energymarketdata
142	Can change Dato del Mercado de Energía	36	change_energymarketdata
143	Can delete Dato del Mercado de Energía	36	delete_energymarketdata
144	Can view Dato del Mercado de Energía	36	view_energymarketdata
145	Can add Precio de Energía	37	add_energyprice
146	Can change Precio de Energía	37	change_energyprice
147	Can delete Precio de Energía	37	delete_energyprice
148	Can view Precio de Energía	37	view_energyprice
149	Can add Ahorro de Energía	38	add_energysavings
150	Can change Ahorro de Energía	38	change_energysavings
151	Can delete Ahorro de Energía	38	delete_energysavings
152	Can view Ahorro de Energía	38	view_energysavings
153	Can add Pronóstico de Precio	39	add_energypriceforecast
154	Can change Pronóstico de Precio	39	change_energypriceforecast
155	Can delete Pronóstico de Precio	39	delete_energypriceforecast
156	Can view Pronóstico de Precio	39	view_energypriceforecast
\.


--
-- Data for Name: auth_user; Type: TABLE DATA; Schema: public; Owner: BuraHub
--

COPY public.auth_user (id, password, last_login, is_superuser, username, first_name, last_name, email, is_staff, is_active, date_joined) FROM stdin;
\.


--
-- Data for Name: auth_user_groups; Type: TABLE DATA; Schema: public; Owner: BuraHub
--

COPY public.auth_user_groups (id, user_id, group_id) FROM stdin;
\.


--
-- Data for Name: auth_user_user_permissions; Type: TABLE DATA; Schema: public; Owner: BuraHub
--

COPY public.auth_user_user_permissions (id, user_id, permission_id) FROM stdin;
\.


--
-- Data for Name: authentication_authtoken; Type: TABLE DATA; Schema: public; Owner: BuraHub
--

COPY public.authentication_authtoken (id, key, name, created, expires_at, last_used, is_active, user_agent, ip_address, device_type, user_id) FROM stdin;
\.


--
-- Data for Name: authentication_loginattempt; Type: TABLE DATA; Schema: public; Owner: BuraHub
--

COPY public.authentication_loginattempt (id, username, ip_address, user_agent, status, "timestamp", failure_reason, user_id) FROM stdin;
\.


--
-- Data for Name: authentication_refreshtoken; Type: TABLE DATA; Schema: public; Owner: BuraHub
--

COPY public.authentication_refreshtoken (id, token, created, expires_at, is_active, user_id) FROM stdin;
\.


--
-- Data for Name: authentication_userprofile; Type: TABLE DATA; Schema: public; Owner: BuraHub
--

COPY public.authentication_userprofile (id, created_at, last_login_ip, last_activity, failed_login_attempts, locked_until, password_changed_at, require_password_change, phone_number, two_factor_enabled, notification_preferences, theme_preference, language, avatar, bio, date_of_birth, updated_at, user_id) FROM stdin;
\.


--
-- Data for Name: authtoken_token; Type: TABLE DATA; Schema: public; Owner: BuraHub
--

COPY public.authtoken_token (key, created, user_id) FROM stdin;
\.


--
-- Data for Name: django_admin_log; Type: TABLE DATA; Schema: public; Owner: BuraHub
--

COPY public.django_admin_log (id, action_time, object_id, object_repr, action_flag, change_message, content_type_id, user_id) FROM stdin;
\.


--
-- Data for Name: django_celery_beat_clockedschedule; Type: TABLE DATA; Schema: public; Owner: BuraHub
--

COPY public.django_celery_beat_clockedschedule (id, clocked_time) FROM stdin;
\.


--
-- Data for Name: django_celery_beat_crontabschedule; Type: TABLE DATA; Schema: public; Owner: BuraHub
--

COPY public.django_celery_beat_crontabschedule (id, minute, hour, day_of_week, day_of_month, month_of_year, timezone) FROM stdin;
1	0	4	*	*	*	America/Bogota
2	0	*	*	*	*	America/Bogota
\.


--
-- Data for Name: django_celery_beat_intervalschedule; Type: TABLE DATA; Schema: public; Owner: BuraHub
--

COPY public.django_celery_beat_intervalschedule (id, every, period) FROM stdin;
\.


--
-- Data for Name: django_celery_beat_periodictask; Type: TABLE DATA; Schema: public; Owner: BuraHub
--

COPY public.django_celery_beat_periodictask (id, name, task, args, kwargs, queue, exchange, routing_key, expires, enabled, last_run_at, total_run_count, date_changed, description, crontab_id, interval_id, solar_id, one_off, start_time, priority, headers, clocked_id, expire_seconds) FROM stdin;
1	celery.backend_cleanup	celery.backend_cleanup	[]	{}	\N	\N	\N	\N	t	\N	0	2025-09-15 21:25:52.579201+00		1	\N	\N	f	\N	\N	{}	\N	43200
2	fetch-device-metadata-daily	scada_proxy.tasks.sync_scada_metadata	[]	{}	\N	\N	\N	\N	t	\N	0	2025-09-15 21:25:52.60101+00		2	\N	\N	f	\N	\N	{}	\N	\N
3	fetch-historical-measurements-hourly	scada_proxy.tasks.fetch_historical_measurements_for_all_devices	[7200]	{}	\N	\N	\N	\N	t	\N	0	2025-09-15 21:25:52.610471+00		2	\N	\N	f	\N	\N	{}	\N	\N
4	calculate-monthly-consumption-kpi-daily	indicators.tasks.calculate_monthly_consumption_kpi	[]	{}	default	\N	\N	\N	t	\N	0	2025-09-15 21:25:52.625496+00		2	\N	\N	f	\N	\N	{}	\N	\N
5	calculate-daily-chart-data	indicators.tasks.calculate_and_save_daily_data	[]	{}	default	\N	\N	\N	t	\N	0	2025-09-15 21:25:52.637485+00		2	\N	\N	f	\N	\N	{}	\N	\N
\.


--
-- Data for Name: django_celery_beat_periodictasks; Type: TABLE DATA; Schema: public; Owner: BuraHub
--

COPY public.django_celery_beat_periodictasks (ident, last_update) FROM stdin;
1	2025-09-15 21:25:52.637904+00
\.


--
-- Data for Name: django_celery_beat_solarschedule; Type: TABLE DATA; Schema: public; Owner: BuraHub
--

COPY public.django_celery_beat_solarschedule (id, event, latitude, longitude) FROM stdin;
\.


--
-- Data for Name: django_content_type; Type: TABLE DATA; Schema: public; Owner: BuraHub
--

COPY public.django_content_type (id, app_label, model) FROM stdin;
1	admin	logentry
2	auth	permission
3	auth	group
4	auth	user
5	contenttypes	contenttype
6	sessions	session
7	authtoken	token
8	authtoken	tokenproxy
9	django_celery_beat	crontabschedule
10	django_celery_beat	intervalschedule
11	django_celery_beat	periodictask
12	django_celery_beat	periodictasks
13	django_celery_beat	solarschedule
14	django_celery_beat	clockedschedule
15	authentication	authtoken
16	authentication	refreshtoken
17	authentication	userprofile
18	authentication	loginattempt
19	indicators	monthlyconsumptionkpi
20	indicators	dailychartdata
21	indicators	electricmeterchartdata
22	indicators	electricmeterconsumption
23	indicators	electricmeterenergyconsumption
24	indicators	electricmeterindicators
25	indicators	inverterchartdata
26	indicators	inverterindicators
27	indicators	weatherstationchartdata
28	indicators	weatherstationindicators
29	indicators	generatedreport
30	scada_proxy	devicecategory
31	scada_proxy	institution
32	scada_proxy	taskprogress
33	scada_proxy	device
34	scada_proxy	measurement
35	external_energy	energyalert
36	external_energy	energymarketdata
37	external_energy	energyprice
38	external_energy	energysavings
39	external_energy	energypriceforecast
\.


--
-- Data for Name: django_migrations; Type: TABLE DATA; Schema: public; Owner: BuraHub
--

COPY public.django_migrations (id, app, name, applied) FROM stdin;
1	contenttypes	0001_initial	2025-09-15 21:24:45.109827+00
2	auth	0001_initial	2025-09-15 21:24:45.190034+00
3	admin	0001_initial	2025-09-15 21:24:45.203001+00
4	admin	0002_logentry_remove_auto_add	2025-09-15 21:24:45.20912+00
5	admin	0003_logentry_add_action_flag_choices	2025-09-15 21:24:45.215865+00
6	contenttypes	0002_remove_content_type_name	2025-09-15 21:24:45.232295+00
7	auth	0002_alter_permission_name_max_length	2025-09-15 21:24:45.239703+00
8	auth	0003_alter_user_email_max_length	2025-09-15 21:24:45.2487+00
9	auth	0004_alter_user_username_opts	2025-09-15 21:24:45.257752+00
10	auth	0005_alter_user_last_login_null	2025-09-15 21:24:45.266607+00
11	auth	0006_require_contenttypes_0002	2025-09-15 21:24:45.268466+00
12	auth	0007_alter_validators_add_error_messages	2025-09-15 21:24:45.275727+00
13	auth	0008_alter_user_username_max_length	2025-09-15 21:24:45.286717+00
14	auth	0009_alter_user_last_name_max_length	2025-09-15 21:24:45.295053+00
15	auth	0010_alter_group_name_max_length	2025-09-15 21:24:45.305765+00
16	auth	0011_update_proxy_permissions	2025-09-15 21:24:45.314522+00
17	auth	0012_alter_user_first_name_max_length	2025-09-15 21:24:45.32437+00
18	authentication	0001_initial	2025-09-15 21:24:45.377533+00
19	authentication	0002_remove_backup_codes	2025-09-15 21:24:45.38695+00
20	authtoken	0001_initial	2025-09-15 21:24:45.400218+00
21	authtoken	0002_auto_20160226_1747	2025-09-15 21:24:45.439265+00
22	authtoken	0003_tokenproxy	2025-09-15 21:24:45.441628+00
23	authtoken	0004_alter_tokenproxy_options	2025-09-15 21:24:45.445857+00
24	django_celery_beat	0001_initial	2025-09-15 21:24:45.466559+00
25	django_celery_beat	0002_auto_20161118_0346	2025-09-15 21:24:45.476874+00
26	django_celery_beat	0003_auto_20161209_0049	2025-09-15 21:24:45.485411+00
27	django_celery_beat	0004_auto_20170221_0000	2025-09-15 21:24:45.490203+00
28	django_celery_beat	0005_add_solarschedule_events_choices	2025-09-15 21:24:45.494751+00
29	django_celery_beat	0006_auto_20180322_0932	2025-09-15 21:24:45.533963+00
30	django_celery_beat	0007_auto_20180521_0826	2025-09-15 21:24:45.550264+00
31	django_celery_beat	0008_auto_20180914_1922	2025-09-15 21:24:45.586074+00
32	django_celery_beat	0006_auto_20180210_1226	2025-09-15 21:24:45.604967+00
33	django_celery_beat	0006_periodictask_priority	2025-09-15 21:24:45.614174+00
34	django_celery_beat	0009_periodictask_headers	2025-09-15 21:24:45.624522+00
35	django_celery_beat	0010_auto_20190429_0326	2025-09-15 21:24:45.776675+00
36	django_celery_beat	0011_auto_20190508_0153	2025-09-15 21:24:45.791503+00
37	django_celery_beat	0012_periodictask_expire_seconds	2025-09-15 21:24:45.802939+00
38	django_celery_beat	0013_auto_20200609_0727	2025-09-15 21:24:45.813778+00
39	django_celery_beat	0014_remove_clockedschedule_enabled	2025-09-15 21:24:45.820593+00
40	django_celery_beat	0015_edit_solarschedule_events_choices	2025-09-15 21:24:45.825532+00
41	django_celery_beat	0016_alter_crontabschedule_timezone	2025-09-15 21:24:45.83636+00
42	django_celery_beat	0017_alter_crontabschedule_month_of_year	2025-09-15 21:24:45.84585+00
43	django_celery_beat	0018_improve_crontab_helptext	2025-09-15 21:24:45.855842+00
44	django_celery_beat	0019_alter_periodictasks_options	2025-09-15 21:24:45.858541+00
45	external_energy	0001_initial	2025-09-15 21:24:45.880898+00
46	scada_proxy	0001_initial	2025-09-15 21:24:45.916343+00
47	indicators	0001_initial	2025-09-15 21:24:45.920378+00
48	indicators	0002_monthlyconsumptionkpi_delete_indicator	2025-09-15 21:24:45.925385+00
49	indicators	0003_alter_monthlyconsumptionkpi_options_and_more	2025-09-15 21:24:45.935476+00
50	indicators	0004_alter_monthlyconsumptionkpi_options_and_more	2025-09-15 21:24:45.95081+00
51	indicators	0005_remove_monthlyconsumptionkpi_total_exported_current_month_and_more	2025-09-15 21:24:45.96087+00
52	indicators	0006_monthlyconsumptionkpi_avg_instantaneous_power_current_month_and_more	2025-09-15 21:24:45.967423+00
53	indicators	0007_monthlyconsumptionkpi_avg_daily_temp_current_month_and_more	2025-09-15 21:24:45.974846+00
54	indicators	0008_monthlyconsumptionkpi_avg_relative_humidity_current_month_and_more	2025-09-15 21:24:45.981712+00
55	indicators	0009_monthlyconsumptionkpi_avg_wind_speed_current_month_and_more	2025-09-15 21:24:45.989852+00
56	indicators	0010_dailychartdata	2025-09-15 21:24:45.994146+00
57	indicators	0011_dailychartdata_daily_balance	2025-09-15 21:24:45.998475+00
58	indicators	0012_alter_dailychartdata_options_and_more	2025-09-15 21:24:46.005658+00
59	indicators	0013_electricmeterchartdata_electricmeterconsumption	2025-09-15 21:24:46.033996+00
60	indicators	0014_alter_monthlyconsumptionkpi_total_generation_current_month	2025-09-15 21:24:46.038272+00
61	indicators	0015_alter_dailychartdata_daily_balance_and_more	2025-09-15 21:24:46.044583+00
62	indicators	0016_alter_dailychartdata_date	2025-09-15 21:24:46.047654+00
63	indicators	0017_electricmeterenergyconsumption	2025-09-15 21:24:46.064138+00
64	indicators	0018_electricmeterindicators	2025-09-15 21:24:46.081187+00
65	indicators	0019_inverterchartdata_inverterindicators	2025-09-15 21:24:46.120931+00
66	indicators	0020_weatherstationchartdata_weatherstationindicators	2025-09-15 21:24:46.164673+00
67	indicators	0021_generatedreport	2025-09-15 21:24:46.174159+00
68	indicators	0022_add_wind_speed_irradiance_to_dailychartdata	2025-09-15 21:24:46.185045+00
69	indicators	0023_add_irradiance_to_monthlyconsumptionkpi	2025-09-15 21:24:46.193+00
70	sessions	0001_initial	2025-09-15 21:24:46.200248+00
\.


--
-- Data for Name: django_session; Type: TABLE DATA; Schema: public; Owner: BuraHub
--

COPY public.django_session (session_key, session_data, expire_date) FROM stdin;
\.


--
-- Data for Name: external_energy_energyalert; Type: TABLE DATA; Schema: public; Owner: BuraHub
--

COPY public.external_energy_energyalert (id, alert_type, severity, title, description, affected_date, is_active, created_at, resolved_at) FROM stdin;
\.


--
-- Data for Name: external_energy_energymarketdata; Type: TABLE DATA; Schema: public; Owner: BuraHub
--

COPY public.external_energy_energymarketdata (id, date, demand_mw, supply_mw, hydro_percentage, thermal_percentage, renewable_percentage, market_price_cop_mwh, created_at) FROM stdin;
\.


--
-- Data for Name: external_energy_energyprice; Type: TABLE DATA; Schema: public; Owner: BuraHub
--

COPY public.external_energy_energyprice (id, date, price_per_kwh, source, region, created_at, updated_at) FROM stdin;
\.


--
-- Data for Name: external_energy_energypriceforecast; Type: TABLE DATA; Schema: public; Owner: BuraHub
--

COPY public.external_energy_energypriceforecast (id, date, predicted_price_kwh, confidence_level, source, algorithm, created_at) FROM stdin;
\.


--
-- Data for Name: external_energy_energysavings; Type: TABLE DATA; Schema: public; Owner: BuraHub
--

COPY public.external_energy_energysavings (id, date, total_consumed_kwh, total_generated_kwh, average_price_kwh, total_savings_cop, savings_percentage, self_consumption_percentage, excess_energy_kwh, created_at, updated_at) FROM stdin;
\.


--
-- Data for Name: indicators_dailychartdata; Type: TABLE DATA; Schema: public; Owner: BuraHub
--

COPY public.indicators_dailychartdata (id, date, daily_consumption, daily_generation, daily_balance, avg_daily_temp, avg_wind_speed, avg_irradiance) FROM stdin;
\.


--
-- Data for Name: indicators_electricmeterchartdata; Type: TABLE DATA; Schema: public; Owner: BuraHub
--

COPY public.indicators_electricmeterchartdata (id, date, hourly_consumption, daily_consumption, peak_hour, peak_value, calculated_at, device_id, institution_id) FROM stdin;
\.


--
-- Data for Name: indicators_electricmeterconsumption; Type: TABLE DATA; Schema: public; Owner: BuraHub
--

COPY public.indicators_electricmeterconsumption (id, date, time_range, cumulative_active_power, total_active_power, peak_demand, avg_demand, measurement_count, last_measurement_date, calculated_at, device_id, institution_id) FROM stdin;
\.


--
-- Data for Name: indicators_electricmeterenergyconsumption; Type: TABLE DATA; Schema: public; Owner: BuraHub
--

COPY public.indicators_electricmeterenergyconsumption (id, date, time_range, imported_energy_low, imported_energy_high, total_imported_energy, exported_energy_low, exported_energy_high, total_exported_energy, net_energy_consumption, measurement_count, last_measurement_date, created_at, updated_at, device_id, institution_id) FROM stdin;
\.


--
-- Data for Name: indicators_electricmeterindicators; Type: TABLE DATA; Schema: public; Owner: BuraHub
--

COPY public.indicators_electricmeterindicators (id, date, time_range, imported_energy_kwh, exported_energy_kwh, net_energy_consumption_kwh, peak_demand_kw, avg_demand_kw, load_factor_pct, avg_power_factor, max_voltage_unbalance_pct, max_current_unbalance_pct, max_voltage_thd_pct, max_current_thd_pct, max_current_tdd_pct, measurement_count, last_measurement_date, calculated_at, device_id, institution_id) FROM stdin;
\.


--
-- Data for Name: indicators_generatedreport; Type: TABLE DATA; Schema: public; Owner: BuraHub
--

COPY public.indicators_generatedreport (id, task_id, user_id, report_type, category, institution_id, institution_name, devices, time_range, start_date, end_date, format, status, file_path, file_size, record_count, error_message, created_at, updated_at, completed_at) FROM stdin;
\.


--
-- Data for Name: indicators_inverterchartdata; Type: TABLE DATA; Schema: public; Owner: BuraHub
--

COPY public.indicators_inverterchartdata (id, date, hourly_efficiency, hourly_generation, hourly_irradiance, hourly_temperature, hourly_dc_power, hourly_ac_power, calculated_at, device_id, institution_id) FROM stdin;
\.


--
-- Data for Name: indicators_inverterindicators; Type: TABLE DATA; Schema: public; Owner: BuraHub
--

COPY public.indicators_inverterindicators (id, date, time_range, dc_ac_efficiency_pct, energy_ac_daily_kwh, energy_dc_daily_kwh, total_generated_energy_kwh, performance_ratio_pct, reference_energy_kwh, avg_irradiance_wm2, avg_temperature_c, max_power_w, min_power_w, avg_power_factor_pct, avg_reactive_power_var, avg_apparent_power_va, avg_frequency_hz, frequency_stability_pct, max_voltage_unbalance_pct, max_current_unbalance_pct, anomaly_score, anomaly_details, measurement_count, last_measurement_date, calculated_at, device_id, institution_id) FROM stdin;
\.


--
-- Data for Name: indicators_monthlyconsumptionkpi; Type: TABLE DATA; Schema: public; Owner: BuraHub
--

COPY public.indicators_monthlyconsumptionkpi (id, total_consumption_current_month, total_consumption_previous_month, last_calculated, total_generation_current_month, total_generation_previous_month, avg_instantaneous_power_current_month, avg_instantaneous_power_previous_month, avg_daily_temp_current_month, avg_daily_temp_previous_month, avg_relative_humidity_current_month, avg_relative_humidity_previous_month, avg_wind_speed_current_month, avg_wind_speed_previous_month, avg_irradiance_current_month, avg_irradiance_previous_month) FROM stdin;
\.


--
-- Data for Name: indicators_weatherstationchartdata; Type: TABLE DATA; Schema: public; Owner: BuraHub
--

COPY public.indicators_weatherstationchartdata (id, date, hourly_irradiance, daily_irradiance_kwh_m2, hourly_temperature, avg_daily_temperature_c, hourly_humidity, avg_daily_humidity_pct, hourly_wind_speed, hourly_wind_direction, avg_daily_wind_speed_kmh, hourly_precipitation, daily_precipitation_cm, calculated_at, device_id, institution_id) FROM stdin;
\.


--
-- Data for Name: indicators_weatherstationindicators; Type: TABLE DATA; Schema: public; Owner: BuraHub
--

COPY public.indicators_weatherstationindicators (id, date, time_range, daily_irradiance_kwh_m2, daily_hsp_hours, avg_wind_speed_kmh, wind_direction_distribution, wind_speed_distribution, daily_precipitation_cm, theoretical_pv_power_w, avg_temperature_c, avg_humidity_pct, max_temperature_c, min_temperature_c, measurement_count, last_measurement_date, calculated_at, device_id, institution_id) FROM stdin;
\.


--
-- Data for Name: scada_proxy_device; Type: TABLE DATA; Schema: public; Owner: BuraHub
--

COPY public.scada_proxy_device (id, scada_id, name, status, is_active, category_id, institution_id) FROM stdin;
\.


--
-- Data for Name: scada_proxy_devicecategory; Type: TABLE DATA; Schema: public; Owner: BuraHub
--

COPY public.scada_proxy_devicecategory (id, scada_id, name, description, charts) FROM stdin;
\.


--
-- Data for Name: scada_proxy_institution; Type: TABLE DATA; Schema: public; Owner: BuraHub
--

COPY public.scada_proxy_institution (id, scada_id, name) FROM stdin;
\.


--
-- Data for Name: scada_proxy_measurement; Type: TABLE DATA; Schema: public; Owner: BuraHub
--

COPY public.scada_proxy_measurement (id, date, data, device_id) FROM stdin;
\.


--
-- Data for Name: scada_proxy_taskprogress; Type: TABLE DATA; Schema: public; Owner: BuraHub
--

COPY public.scada_proxy_taskprogress (id, task_id, status, processed_devices, total_devices, message, started_at, finished_at, is_cancelled) FROM stdin;
\.


--
-- Name: auth_group_id_seq; Type: SEQUENCE SET; Schema: public; Owner: BuraHub
--

SELECT pg_catalog.setval('public.auth_group_id_seq', 1, false);


--
-- Name: auth_group_permissions_id_seq; Type: SEQUENCE SET; Schema: public; Owner: BuraHub
--

SELECT pg_catalog.setval('public.auth_group_permissions_id_seq', 1, false);


--
-- Name: auth_permission_id_seq; Type: SEQUENCE SET; Schema: public; Owner: BuraHub
--

SELECT pg_catalog.setval('public.auth_permission_id_seq', 156, true);


--
-- Name: auth_user_groups_id_seq; Type: SEQUENCE SET; Schema: public; Owner: BuraHub
--

SELECT pg_catalog.setval('public.auth_user_groups_id_seq', 1, false);


--
-- Name: auth_user_id_seq; Type: SEQUENCE SET; Schema: public; Owner: BuraHub
--

SELECT pg_catalog.setval('public.auth_user_id_seq', 1, false);


--
-- Name: auth_user_user_permissions_id_seq; Type: SEQUENCE SET; Schema: public; Owner: BuraHub
--

SELECT pg_catalog.setval('public.auth_user_user_permissions_id_seq', 1, false);


--
-- Name: authentication_authtoken_id_seq; Type: SEQUENCE SET; Schema: public; Owner: BuraHub
--

SELECT pg_catalog.setval('public.authentication_authtoken_id_seq', 1, false);


--
-- Name: authentication_loginattempt_id_seq; Type: SEQUENCE SET; Schema: public; Owner: BuraHub
--

SELECT pg_catalog.setval('public.authentication_loginattempt_id_seq', 1, false);


--
-- Name: authentication_refreshtoken_id_seq; Type: SEQUENCE SET; Schema: public; Owner: BuraHub
--

SELECT pg_catalog.setval('public.authentication_refreshtoken_id_seq', 1, false);


--
-- Name: authentication_userprofile_id_seq; Type: SEQUENCE SET; Schema: public; Owner: BuraHub
--

SELECT pg_catalog.setval('public.authentication_userprofile_id_seq', 1, false);


--
-- Name: django_admin_log_id_seq; Type: SEQUENCE SET; Schema: public; Owner: BuraHub
--

SELECT pg_catalog.setval('public.django_admin_log_id_seq', 1, false);


--
-- Name: django_celery_beat_clockedschedule_id_seq; Type: SEQUENCE SET; Schema: public; Owner: BuraHub
--

SELECT pg_catalog.setval('public.django_celery_beat_clockedschedule_id_seq', 1, false);


--
-- Name: django_celery_beat_crontabschedule_id_seq; Type: SEQUENCE SET; Schema: public; Owner: BuraHub
--

SELECT pg_catalog.setval('public.django_celery_beat_crontabschedule_id_seq', 2, true);


--
-- Name: django_celery_beat_intervalschedule_id_seq; Type: SEQUENCE SET; Schema: public; Owner: BuraHub
--

SELECT pg_catalog.setval('public.django_celery_beat_intervalschedule_id_seq', 1, false);


--
-- Name: django_celery_beat_periodictask_id_seq; Type: SEQUENCE SET; Schema: public; Owner: BuraHub
--

SELECT pg_catalog.setval('public.django_celery_beat_periodictask_id_seq', 5, true);


--
-- Name: django_celery_beat_solarschedule_id_seq; Type: SEQUENCE SET; Schema: public; Owner: BuraHub
--

SELECT pg_catalog.setval('public.django_celery_beat_solarschedule_id_seq', 1, false);


--
-- Name: django_content_type_id_seq; Type: SEQUENCE SET; Schema: public; Owner: BuraHub
--

SELECT pg_catalog.setval('public.django_content_type_id_seq', 39, true);


--
-- Name: django_migrations_id_seq; Type: SEQUENCE SET; Schema: public; Owner: BuraHub
--

SELECT pg_catalog.setval('public.django_migrations_id_seq', 70, true);


--
-- Name: external_energy_energyalert_id_seq; Type: SEQUENCE SET; Schema: public; Owner: BuraHub
--

SELECT pg_catalog.setval('public.external_energy_energyalert_id_seq', 1, false);


--
-- Name: external_energy_energymarketdata_id_seq; Type: SEQUENCE SET; Schema: public; Owner: BuraHub
--

SELECT pg_catalog.setval('public.external_energy_energymarketdata_id_seq', 1, false);


--
-- Name: external_energy_energyprice_id_seq; Type: SEQUENCE SET; Schema: public; Owner: BuraHub
--

SELECT pg_catalog.setval('public.external_energy_energyprice_id_seq', 1, false);


--
-- Name: external_energy_energypriceforecast_id_seq; Type: SEQUENCE SET; Schema: public; Owner: BuraHub
--

SELECT pg_catalog.setval('public.external_energy_energypriceforecast_id_seq', 1, false);


--
-- Name: external_energy_energysavings_id_seq; Type: SEQUENCE SET; Schema: public; Owner: BuraHub
--

SELECT pg_catalog.setval('public.external_energy_energysavings_id_seq', 1, false);


--
-- Name: indicators_dailychartdata_id_seq; Type: SEQUENCE SET; Schema: public; Owner: BuraHub
--

SELECT pg_catalog.setval('public.indicators_dailychartdata_id_seq', 1, false);


--
-- Name: indicators_electricmeterchartdata_id_seq; Type: SEQUENCE SET; Schema: public; Owner: BuraHub
--

SELECT pg_catalog.setval('public.indicators_electricmeterchartdata_id_seq', 1, false);


--
-- Name: indicators_electricmeterconsumption_id_seq; Type: SEQUENCE SET; Schema: public; Owner: BuraHub
--

SELECT pg_catalog.setval('public.indicators_electricmeterconsumption_id_seq', 1, false);


--
-- Name: indicators_electricmeterenergyconsumption_id_seq; Type: SEQUENCE SET; Schema: public; Owner: BuraHub
--

SELECT pg_catalog.setval('public.indicators_electricmeterenergyconsumption_id_seq', 1, false);


--
-- Name: indicators_electricmeterindicators_id_seq; Type: SEQUENCE SET; Schema: public; Owner: BuraHub
--

SELECT pg_catalog.setval('public.indicators_electricmeterindicators_id_seq', 1, false);


--
-- Name: indicators_generatedreport_id_seq; Type: SEQUENCE SET; Schema: public; Owner: BuraHub
--

SELECT pg_catalog.setval('public.indicators_generatedreport_id_seq', 1, false);


--
-- Name: indicators_inverterchartdata_id_seq; Type: SEQUENCE SET; Schema: public; Owner: BuraHub
--

SELECT pg_catalog.setval('public.indicators_inverterchartdata_id_seq', 1, false);


--
-- Name: indicators_inverterindicators_id_seq; Type: SEQUENCE SET; Schema: public; Owner: BuraHub
--

SELECT pg_catalog.setval('public.indicators_inverterindicators_id_seq', 1, false);


--
-- Name: indicators_monthlyconsumptionkpi_id_seq; Type: SEQUENCE SET; Schema: public; Owner: BuraHub
--

SELECT pg_catalog.setval('public.indicators_monthlyconsumptionkpi_id_seq', 1, false);


--
-- Name: indicators_weatherstationchartdata_id_seq; Type: SEQUENCE SET; Schema: public; Owner: BuraHub
--

SELECT pg_catalog.setval('public.indicators_weatherstationchartdata_id_seq', 1, false);


--
-- Name: indicators_weatherstationindicators_id_seq; Type: SEQUENCE SET; Schema: public; Owner: BuraHub
--

SELECT pg_catalog.setval('public.indicators_weatherstationindicators_id_seq', 1, false);


--
-- Name: scada_proxy_device_id_seq; Type: SEQUENCE SET; Schema: public; Owner: BuraHub
--

SELECT pg_catalog.setval('public.scada_proxy_device_id_seq', 1, false);


--
-- Name: scada_proxy_devicecategory_id_seq; Type: SEQUENCE SET; Schema: public; Owner: BuraHub
--

SELECT pg_catalog.setval('public.scada_proxy_devicecategory_id_seq', 1, false);


--
-- Name: scada_proxy_institution_id_seq; Type: SEQUENCE SET; Schema: public; Owner: BuraHub
--

SELECT pg_catalog.setval('public.scada_proxy_institution_id_seq', 1, false);


--
-- Name: scada_proxy_measurement_id_seq; Type: SEQUENCE SET; Schema: public; Owner: BuraHub
--

SELECT pg_catalog.setval('public.scada_proxy_measurement_id_seq', 1, false);


--
-- Name: scada_proxy_taskprogress_id_seq; Type: SEQUENCE SET; Schema: public; Owner: BuraHub
--

SELECT pg_catalog.setval('public.scada_proxy_taskprogress_id_seq', 1, false);


--
-- Name: auth_group auth_group_name_key; Type: CONSTRAINT; Schema: public; Owner: BuraHub
--

ALTER TABLE ONLY public.auth_group
    ADD CONSTRAINT auth_group_name_key UNIQUE (name);


--
-- Name: auth_group_permissions auth_group_permissions_group_id_permission_id_0cd325b0_uniq; Type: CONSTRAINT; Schema: public; Owner: BuraHub
--

ALTER TABLE ONLY public.auth_group_permissions
    ADD CONSTRAINT auth_group_permissions_group_id_permission_id_0cd325b0_uniq UNIQUE (group_id, permission_id);


--
-- Name: auth_group_permissions auth_group_permissions_pkey; Type: CONSTRAINT; Schema: public; Owner: BuraHub
--

ALTER TABLE ONLY public.auth_group_permissions
    ADD CONSTRAINT auth_group_permissions_pkey PRIMARY KEY (id);


--
-- Name: auth_group auth_group_pkey; Type: CONSTRAINT; Schema: public; Owner: BuraHub
--

ALTER TABLE ONLY public.auth_group
    ADD CONSTRAINT auth_group_pkey PRIMARY KEY (id);


--
-- Name: auth_permission auth_permission_content_type_id_codename_01ab375a_uniq; Type: CONSTRAINT; Schema: public; Owner: BuraHub
--

ALTER TABLE ONLY public.auth_permission
    ADD CONSTRAINT auth_permission_content_type_id_codename_01ab375a_uniq UNIQUE (content_type_id, codename);


--
-- Name: auth_permission auth_permission_pkey; Type: CONSTRAINT; Schema: public; Owner: BuraHub
--

ALTER TABLE ONLY public.auth_permission
    ADD CONSTRAINT auth_permission_pkey PRIMARY KEY (id);


--
-- Name: auth_user_groups auth_user_groups_pkey; Type: CONSTRAINT; Schema: public; Owner: BuraHub
--

ALTER TABLE ONLY public.auth_user_groups
    ADD CONSTRAINT auth_user_groups_pkey PRIMARY KEY (id);


--
-- Name: auth_user_groups auth_user_groups_user_id_group_id_94350c0c_uniq; Type: CONSTRAINT; Schema: public; Owner: BuraHub
--

ALTER TABLE ONLY public.auth_user_groups
    ADD CONSTRAINT auth_user_groups_user_id_group_id_94350c0c_uniq UNIQUE (user_id, group_id);


--
-- Name: auth_user auth_user_pkey; Type: CONSTRAINT; Schema: public; Owner: BuraHub
--

ALTER TABLE ONLY public.auth_user
    ADD CONSTRAINT auth_user_pkey PRIMARY KEY (id);


--
-- Name: auth_user_user_permissions auth_user_user_permissions_pkey; Type: CONSTRAINT; Schema: public; Owner: BuraHub
--

ALTER TABLE ONLY public.auth_user_user_permissions
    ADD CONSTRAINT auth_user_user_permissions_pkey PRIMARY KEY (id);


--
-- Name: auth_user_user_permissions auth_user_user_permissions_user_id_permission_id_14a6b632_uniq; Type: CONSTRAINT; Schema: public; Owner: BuraHub
--

ALTER TABLE ONLY public.auth_user_user_permissions
    ADD CONSTRAINT auth_user_user_permissions_user_id_permission_id_14a6b632_uniq UNIQUE (user_id, permission_id);


--
-- Name: auth_user auth_user_username_key; Type: CONSTRAINT; Schema: public; Owner: BuraHub
--

ALTER TABLE ONLY public.auth_user
    ADD CONSTRAINT auth_user_username_key UNIQUE (username);


--
-- Name: authentication_authtoken authentication_authtoken_key_key; Type: CONSTRAINT; Schema: public; Owner: BuraHub
--

ALTER TABLE ONLY public.authentication_authtoken
    ADD CONSTRAINT authentication_authtoken_key_key UNIQUE (key);


--
-- Name: authentication_authtoken authentication_authtoken_pkey; Type: CONSTRAINT; Schema: public; Owner: BuraHub
--

ALTER TABLE ONLY public.authentication_authtoken
    ADD CONSTRAINT authentication_authtoken_pkey PRIMARY KEY (id);


--
-- Name: authentication_loginattempt authentication_loginattempt_pkey; Type: CONSTRAINT; Schema: public; Owner: BuraHub
--

ALTER TABLE ONLY public.authentication_loginattempt
    ADD CONSTRAINT authentication_loginattempt_pkey PRIMARY KEY (id);


--
-- Name: authentication_refreshtoken authentication_refreshtoken_pkey; Type: CONSTRAINT; Schema: public; Owner: BuraHub
--

ALTER TABLE ONLY public.authentication_refreshtoken
    ADD CONSTRAINT authentication_refreshtoken_pkey PRIMARY KEY (id);


--
-- Name: authentication_refreshtoken authentication_refreshtoken_token_key; Type: CONSTRAINT; Schema: public; Owner: BuraHub
--

ALTER TABLE ONLY public.authentication_refreshtoken
    ADD CONSTRAINT authentication_refreshtoken_token_key UNIQUE (token);


--
-- Name: authentication_userprofile authentication_userprofile_pkey; Type: CONSTRAINT; Schema: public; Owner: BuraHub
--

ALTER TABLE ONLY public.authentication_userprofile
    ADD CONSTRAINT authentication_userprofile_pkey PRIMARY KEY (id);


--
-- Name: authentication_userprofile authentication_userprofile_user_id_key; Type: CONSTRAINT; Schema: public; Owner: BuraHub
--

ALTER TABLE ONLY public.authentication_userprofile
    ADD CONSTRAINT authentication_userprofile_user_id_key UNIQUE (user_id);


--
-- Name: authtoken_token authtoken_token_pkey; Type: CONSTRAINT; Schema: public; Owner: BuraHub
--

ALTER TABLE ONLY public.authtoken_token
    ADD CONSTRAINT authtoken_token_pkey PRIMARY KEY (key);


--
-- Name: authtoken_token authtoken_token_user_id_key; Type: CONSTRAINT; Schema: public; Owner: BuraHub
--

ALTER TABLE ONLY public.authtoken_token
    ADD CONSTRAINT authtoken_token_user_id_key UNIQUE (user_id);


--
-- Name: django_admin_log django_admin_log_pkey; Type: CONSTRAINT; Schema: public; Owner: BuraHub
--

ALTER TABLE ONLY public.django_admin_log
    ADD CONSTRAINT django_admin_log_pkey PRIMARY KEY (id);


--
-- Name: django_celery_beat_clockedschedule django_celery_beat_clockedschedule_pkey; Type: CONSTRAINT; Schema: public; Owner: BuraHub
--

ALTER TABLE ONLY public.django_celery_beat_clockedschedule
    ADD CONSTRAINT django_celery_beat_clockedschedule_pkey PRIMARY KEY (id);


--
-- Name: django_celery_beat_crontabschedule django_celery_beat_crontabschedule_pkey; Type: CONSTRAINT; Schema: public; Owner: BuraHub
--

ALTER TABLE ONLY public.django_celery_beat_crontabschedule
    ADD CONSTRAINT django_celery_beat_crontabschedule_pkey PRIMARY KEY (id);


--
-- Name: django_celery_beat_intervalschedule django_celery_beat_intervalschedule_pkey; Type: CONSTRAINT; Schema: public; Owner: BuraHub
--

ALTER TABLE ONLY public.django_celery_beat_intervalschedule
    ADD CONSTRAINT django_celery_beat_intervalschedule_pkey PRIMARY KEY (id);


--
-- Name: django_celery_beat_periodictask django_celery_beat_periodictask_name_key; Type: CONSTRAINT; Schema: public; Owner: BuraHub
--

ALTER TABLE ONLY public.django_celery_beat_periodictask
    ADD CONSTRAINT django_celery_beat_periodictask_name_key UNIQUE (name);


--
-- Name: django_celery_beat_periodictask django_celery_beat_periodictask_pkey; Type: CONSTRAINT; Schema: public; Owner: BuraHub
--

ALTER TABLE ONLY public.django_celery_beat_periodictask
    ADD CONSTRAINT django_celery_beat_periodictask_pkey PRIMARY KEY (id);


--
-- Name: django_celery_beat_periodictasks django_celery_beat_periodictasks_pkey; Type: CONSTRAINT; Schema: public; Owner: BuraHub
--

ALTER TABLE ONLY public.django_celery_beat_periodictasks
    ADD CONSTRAINT django_celery_beat_periodictasks_pkey PRIMARY KEY (ident);


--
-- Name: django_celery_beat_solarschedule django_celery_beat_solar_event_latitude_longitude_ba64999a_uniq; Type: CONSTRAINT; Schema: public; Owner: BuraHub
--

ALTER TABLE ONLY public.django_celery_beat_solarschedule
    ADD CONSTRAINT django_celery_beat_solar_event_latitude_longitude_ba64999a_uniq UNIQUE (event, latitude, longitude);


--
-- Name: django_celery_beat_solarschedule django_celery_beat_solarschedule_pkey; Type: CONSTRAINT; Schema: public; Owner: BuraHub
--

ALTER TABLE ONLY public.django_celery_beat_solarschedule
    ADD CONSTRAINT django_celery_beat_solarschedule_pkey PRIMARY KEY (id);


--
-- Name: django_content_type django_content_type_app_label_model_76bd3d3b_uniq; Type: CONSTRAINT; Schema: public; Owner: BuraHub
--

ALTER TABLE ONLY public.django_content_type
    ADD CONSTRAINT django_content_type_app_label_model_76bd3d3b_uniq UNIQUE (app_label, model);


--
-- Name: django_content_type django_content_type_pkey; Type: CONSTRAINT; Schema: public; Owner: BuraHub
--

ALTER TABLE ONLY public.django_content_type
    ADD CONSTRAINT django_content_type_pkey PRIMARY KEY (id);


--
-- Name: django_migrations django_migrations_pkey; Type: CONSTRAINT; Schema: public; Owner: BuraHub
--

ALTER TABLE ONLY public.django_migrations
    ADD CONSTRAINT django_migrations_pkey PRIMARY KEY (id);


--
-- Name: django_session django_session_pkey; Type: CONSTRAINT; Schema: public; Owner: BuraHub
--

ALTER TABLE ONLY public.django_session
    ADD CONSTRAINT django_session_pkey PRIMARY KEY (session_key);


--
-- Name: external_energy_energyalert external_energy_energyalert_pkey; Type: CONSTRAINT; Schema: public; Owner: BuraHub
--

ALTER TABLE ONLY public.external_energy_energyalert
    ADD CONSTRAINT external_energy_energyalert_pkey PRIMARY KEY (id);


--
-- Name: external_energy_energymarketdata external_energy_energymarketdata_date_key; Type: CONSTRAINT; Schema: public; Owner: BuraHub
--

ALTER TABLE ONLY public.external_energy_energymarketdata
    ADD CONSTRAINT external_energy_energymarketdata_date_key UNIQUE (date);


--
-- Name: external_energy_energymarketdata external_energy_energymarketdata_pkey; Type: CONSTRAINT; Schema: public; Owner: BuraHub
--

ALTER TABLE ONLY public.external_energy_energymarketdata
    ADD CONSTRAINT external_energy_energymarketdata_pkey PRIMARY KEY (id);


--
-- Name: external_energy_energyprice external_energy_energyprice_date_key; Type: CONSTRAINT; Schema: public; Owner: BuraHub
--

ALTER TABLE ONLY public.external_energy_energyprice
    ADD CONSTRAINT external_energy_energyprice_date_key UNIQUE (date);


--
-- Name: external_energy_energyprice external_energy_energyprice_pkey; Type: CONSTRAINT; Schema: public; Owner: BuraHub
--

ALTER TABLE ONLY public.external_energy_energyprice
    ADD CONSTRAINT external_energy_energyprice_pkey PRIMARY KEY (id);


--
-- Name: external_energy_energypriceforecast external_energy_energypriceforecast_date_source_9f08853c_uniq; Type: CONSTRAINT; Schema: public; Owner: BuraHub
--

ALTER TABLE ONLY public.external_energy_energypriceforecast
    ADD CONSTRAINT external_energy_energypriceforecast_date_source_9f08853c_uniq UNIQUE (date, source);


--
-- Name: external_energy_energypriceforecast external_energy_energypriceforecast_pkey; Type: CONSTRAINT; Schema: public; Owner: BuraHub
--

ALTER TABLE ONLY public.external_energy_energypriceforecast
    ADD CONSTRAINT external_energy_energypriceforecast_pkey PRIMARY KEY (id);


--
-- Name: external_energy_energysavings external_energy_energysavings_date_key; Type: CONSTRAINT; Schema: public; Owner: BuraHub
--

ALTER TABLE ONLY public.external_energy_energysavings
    ADD CONSTRAINT external_energy_energysavings_date_key UNIQUE (date);


--
-- Name: external_energy_energysavings external_energy_energysavings_pkey; Type: CONSTRAINT; Schema: public; Owner: BuraHub
--

ALTER TABLE ONLY public.external_energy_energysavings
    ADD CONSTRAINT external_energy_energysavings_pkey PRIMARY KEY (id);


--
-- Name: indicators_dailychartdata indicators_dailychartdata_date_key; Type: CONSTRAINT; Schema: public; Owner: BuraHub
--

ALTER TABLE ONLY public.indicators_dailychartdata
    ADD CONSTRAINT indicators_dailychartdata_date_key UNIQUE (date);


--
-- Name: indicators_dailychartdata indicators_dailychartdata_pkey; Type: CONSTRAINT; Schema: public; Owner: BuraHub
--

ALTER TABLE ONLY public.indicators_dailychartdata
    ADD CONSTRAINT indicators_dailychartdata_pkey PRIMARY KEY (id);


--
-- Name: indicators_electricmeterconsumption indicators_electricmeter_device_id_date_time_rang_63134406_uniq; Type: CONSTRAINT; Schema: public; Owner: BuraHub
--

ALTER TABLE ONLY public.indicators_electricmeterconsumption
    ADD CONSTRAINT indicators_electricmeter_device_id_date_time_rang_63134406_uniq UNIQUE (device_id, date, time_range);


--
-- Name: indicators_electricmeterindicators indicators_electricmeter_device_id_date_time_rang_e66756bd_uniq; Type: CONSTRAINT; Schema: public; Owner: BuraHub
--

ALTER TABLE ONLY public.indicators_electricmeterindicators
    ADD CONSTRAINT indicators_electricmeter_device_id_date_time_rang_e66756bd_uniq UNIQUE (device_id, date, time_range);


--
-- Name: indicators_electricmeterenergyconsumption indicators_electricmeter_device_id_institution_id_c8ed2fbf_uniq; Type: CONSTRAINT; Schema: public; Owner: BuraHub
--

ALTER TABLE ONLY public.indicators_electricmeterenergyconsumption
    ADD CONSTRAINT indicators_electricmeter_device_id_institution_id_c8ed2fbf_uniq UNIQUE (device_id, institution_id, date, time_range);


--
-- Name: indicators_electricmeterchartdata indicators_electricmeterchartdata_device_id_date_43244cf5_uniq; Type: CONSTRAINT; Schema: public; Owner: BuraHub
--

ALTER TABLE ONLY public.indicators_electricmeterchartdata
    ADD CONSTRAINT indicators_electricmeterchartdata_device_id_date_43244cf5_uniq UNIQUE (device_id, date);


--
-- Name: indicators_electricmeterchartdata indicators_electricmeterchartdata_pkey; Type: CONSTRAINT; Schema: public; Owner: BuraHub
--

ALTER TABLE ONLY public.indicators_electricmeterchartdata
    ADD CONSTRAINT indicators_electricmeterchartdata_pkey PRIMARY KEY (id);


--
-- Name: indicators_electricmeterconsumption indicators_electricmeterconsumption_pkey; Type: CONSTRAINT; Schema: public; Owner: BuraHub
--

ALTER TABLE ONLY public.indicators_electricmeterconsumption
    ADD CONSTRAINT indicators_electricmeterconsumption_pkey PRIMARY KEY (id);


--
-- Name: indicators_electricmeterenergyconsumption indicators_electricmeterenergyconsumption_pkey; Type: CONSTRAINT; Schema: public; Owner: BuraHub
--

ALTER TABLE ONLY public.indicators_electricmeterenergyconsumption
    ADD CONSTRAINT indicators_electricmeterenergyconsumption_pkey PRIMARY KEY (id);


--
-- Name: indicators_electricmeterindicators indicators_electricmeterindicators_pkey; Type: CONSTRAINT; Schema: public; Owner: BuraHub
--

ALTER TABLE ONLY public.indicators_electricmeterindicators
    ADD CONSTRAINT indicators_electricmeterindicators_pkey PRIMARY KEY (id);


--
-- Name: indicators_generatedreport indicators_generatedreport_pkey; Type: CONSTRAINT; Schema: public; Owner: BuraHub
--

ALTER TABLE ONLY public.indicators_generatedreport
    ADD CONSTRAINT indicators_generatedreport_pkey PRIMARY KEY (id);


--
-- Name: indicators_generatedreport indicators_generatedreport_task_id_key; Type: CONSTRAINT; Schema: public; Owner: BuraHub
--

ALTER TABLE ONLY public.indicators_generatedreport
    ADD CONSTRAINT indicators_generatedreport_task_id_key UNIQUE (task_id);


--
-- Name: indicators_inverterchartdata indicators_inverterchartdata_device_id_date_ef0045cf_uniq; Type: CONSTRAINT; Schema: public; Owner: BuraHub
--

ALTER TABLE ONLY public.indicators_inverterchartdata
    ADD CONSTRAINT indicators_inverterchartdata_device_id_date_ef0045cf_uniq UNIQUE (device_id, date);


--
-- Name: indicators_inverterchartdata indicators_inverterchartdata_pkey; Type: CONSTRAINT; Schema: public; Owner: BuraHub
--

ALTER TABLE ONLY public.indicators_inverterchartdata
    ADD CONSTRAINT indicators_inverterchartdata_pkey PRIMARY KEY (id);


--
-- Name: indicators_inverterindicators indicators_inverterindic_device_id_date_time_rang_1a1da03b_uniq; Type: CONSTRAINT; Schema: public; Owner: BuraHub
--

ALTER TABLE ONLY public.indicators_inverterindicators
    ADD CONSTRAINT indicators_inverterindic_device_id_date_time_rang_1a1da03b_uniq UNIQUE (device_id, date, time_range);


--
-- Name: indicators_inverterindicators indicators_inverterindicators_pkey; Type: CONSTRAINT; Schema: public; Owner: BuraHub
--

ALTER TABLE ONLY public.indicators_inverterindicators
    ADD CONSTRAINT indicators_inverterindicators_pkey PRIMARY KEY (id);


--
-- Name: indicators_monthlyconsumptionkpi indicators_monthlyconsumptionkpi_pkey; Type: CONSTRAINT; Schema: public; Owner: BuraHub
--

ALTER TABLE ONLY public.indicators_monthlyconsumptionkpi
    ADD CONSTRAINT indicators_monthlyconsumptionkpi_pkey PRIMARY KEY (id);


--
-- Name: indicators_weatherstationindicators indicators_weatherstatio_device_id_date_time_rang_b8cc050a_uniq; Type: CONSTRAINT; Schema: public; Owner: BuraHub
--

ALTER TABLE ONLY public.indicators_weatherstationindicators
    ADD CONSTRAINT indicators_weatherstatio_device_id_date_time_rang_b8cc050a_uniq UNIQUE (device_id, date, time_range);


--
-- Name: indicators_weatherstationchartdata indicators_weatherstationchartdata_device_id_date_7632bb18_uniq; Type: CONSTRAINT; Schema: public; Owner: BuraHub
--

ALTER TABLE ONLY public.indicators_weatherstationchartdata
    ADD CONSTRAINT indicators_weatherstationchartdata_device_id_date_7632bb18_uniq UNIQUE (device_id, date);


--
-- Name: indicators_weatherstationchartdata indicators_weatherstationchartdata_pkey; Type: CONSTRAINT; Schema: public; Owner: BuraHub
--

ALTER TABLE ONLY public.indicators_weatherstationchartdata
    ADD CONSTRAINT indicators_weatherstationchartdata_pkey PRIMARY KEY (id);


--
-- Name: indicators_weatherstationindicators indicators_weatherstationindicators_pkey; Type: CONSTRAINT; Schema: public; Owner: BuraHub
--

ALTER TABLE ONLY public.indicators_weatherstationindicators
    ADD CONSTRAINT indicators_weatherstationindicators_pkey PRIMARY KEY (id);


--
-- Name: scada_proxy_device scada_proxy_device_pkey; Type: CONSTRAINT; Schema: public; Owner: BuraHub
--

ALTER TABLE ONLY public.scada_proxy_device
    ADD CONSTRAINT scada_proxy_device_pkey PRIMARY KEY (id);


--
-- Name: scada_proxy_device scada_proxy_device_scada_id_key; Type: CONSTRAINT; Schema: public; Owner: BuraHub
--

ALTER TABLE ONLY public.scada_proxy_device
    ADD CONSTRAINT scada_proxy_device_scada_id_key UNIQUE (scada_id);


--
-- Name: scada_proxy_devicecategory scada_proxy_devicecategory_name_key; Type: CONSTRAINT; Schema: public; Owner: BuraHub
--

ALTER TABLE ONLY public.scada_proxy_devicecategory
    ADD CONSTRAINT scada_proxy_devicecategory_name_key UNIQUE (name);


--
-- Name: scada_proxy_devicecategory scada_proxy_devicecategory_pkey; Type: CONSTRAINT; Schema: public; Owner: BuraHub
--

ALTER TABLE ONLY public.scada_proxy_devicecategory
    ADD CONSTRAINT scada_proxy_devicecategory_pkey PRIMARY KEY (id);


--
-- Name: scada_proxy_devicecategory scada_proxy_devicecategory_scada_id_key; Type: CONSTRAINT; Schema: public; Owner: BuraHub
--

ALTER TABLE ONLY public.scada_proxy_devicecategory
    ADD CONSTRAINT scada_proxy_devicecategory_scada_id_key UNIQUE (scada_id);


--
-- Name: scada_proxy_institution scada_proxy_institution_pkey; Type: CONSTRAINT; Schema: public; Owner: BuraHub
--

ALTER TABLE ONLY public.scada_proxy_institution
    ADD CONSTRAINT scada_proxy_institution_pkey PRIMARY KEY (id);


--
-- Name: scada_proxy_institution scada_proxy_institution_scada_id_key; Type: CONSTRAINT; Schema: public; Owner: BuraHub
--

ALTER TABLE ONLY public.scada_proxy_institution
    ADD CONSTRAINT scada_proxy_institution_scada_id_key UNIQUE (scada_id);


--
-- Name: scada_proxy_measurement scada_proxy_measurement_device_id_date_79bb42f4_uniq; Type: CONSTRAINT; Schema: public; Owner: BuraHub
--

ALTER TABLE ONLY public.scada_proxy_measurement
    ADD CONSTRAINT scada_proxy_measurement_device_id_date_79bb42f4_uniq UNIQUE (device_id, date);


--
-- Name: scada_proxy_measurement scada_proxy_measurement_pkey; Type: CONSTRAINT; Schema: public; Owner: BuraHub
--

ALTER TABLE ONLY public.scada_proxy_measurement
    ADD CONSTRAINT scada_proxy_measurement_pkey PRIMARY KEY (id);


--
-- Name: scada_proxy_taskprogress scada_proxy_taskprogress_pkey; Type: CONSTRAINT; Schema: public; Owner: BuraHub
--

ALTER TABLE ONLY public.scada_proxy_taskprogress
    ADD CONSTRAINT scada_proxy_taskprogress_pkey PRIMARY KEY (id);


--
-- Name: scada_proxy_taskprogress scada_proxy_taskprogress_task_id_key; Type: CONSTRAINT; Schema: public; Owner: BuraHub
--

ALTER TABLE ONLY public.scada_proxy_taskprogress
    ADD CONSTRAINT scada_proxy_taskprogress_task_id_key UNIQUE (task_id);


--
-- Name: auth_group_name_a6ea08ec_like; Type: INDEX; Schema: public; Owner: BuraHub
--

CREATE INDEX auth_group_name_a6ea08ec_like ON public.auth_group USING btree (name varchar_pattern_ops);


--
-- Name: auth_group_permissions_group_id_b120cbf9; Type: INDEX; Schema: public; Owner: BuraHub
--

CREATE INDEX auth_group_permissions_group_id_b120cbf9 ON public.auth_group_permissions USING btree (group_id);


--
-- Name: auth_group_permissions_permission_id_84c5c92e; Type: INDEX; Schema: public; Owner: BuraHub
--

CREATE INDEX auth_group_permissions_permission_id_84c5c92e ON public.auth_group_permissions USING btree (permission_id);


--
-- Name: auth_permission_content_type_id_2f476e4b; Type: INDEX; Schema: public; Owner: BuraHub
--

CREATE INDEX auth_permission_content_type_id_2f476e4b ON public.auth_permission USING btree (content_type_id);


--
-- Name: auth_user_groups_group_id_97559544; Type: INDEX; Schema: public; Owner: BuraHub
--

CREATE INDEX auth_user_groups_group_id_97559544 ON public.auth_user_groups USING btree (group_id);


--
-- Name: auth_user_groups_user_id_6a12ed8b; Type: INDEX; Schema: public; Owner: BuraHub
--

CREATE INDEX auth_user_groups_user_id_6a12ed8b ON public.auth_user_groups USING btree (user_id);


--
-- Name: auth_user_user_permissions_permission_id_1fbb5f2c; Type: INDEX; Schema: public; Owner: BuraHub
--

CREATE INDEX auth_user_user_permissions_permission_id_1fbb5f2c ON public.auth_user_user_permissions USING btree (permission_id);


--
-- Name: auth_user_user_permissions_user_id_a95ead1b; Type: INDEX; Schema: public; Owner: BuraHub
--

CREATE INDEX auth_user_user_permissions_user_id_a95ead1b ON public.auth_user_user_permissions USING btree (user_id);


--
-- Name: auth_user_username_6821ab7c_like; Type: INDEX; Schema: public; Owner: BuraHub
--

CREATE INDEX auth_user_username_6821ab7c_like ON public.auth_user USING btree (username varchar_pattern_ops);


--
-- Name: authenticat_ip_addr_95756c_idx; Type: INDEX; Schema: public; Owner: BuraHub
--

CREATE INDEX authenticat_ip_addr_95756c_idx ON public.authentication_loginattempt USING btree (ip_address, "timestamp");


--
-- Name: authenticat_usernam_69bd25_idx; Type: INDEX; Schema: public; Owner: BuraHub
--

CREATE INDEX authenticat_usernam_69bd25_idx ON public.authentication_loginattempt USING btree (username, "timestamp");


--
-- Name: authentication_authtoken_key_ea435d4e_like; Type: INDEX; Schema: public; Owner: BuraHub
--

CREATE INDEX authentication_authtoken_key_ea435d4e_like ON public.authentication_authtoken USING btree (key varchar_pattern_ops);


--
-- Name: authentication_authtoken_user_id_bea68f1c; Type: INDEX; Schema: public; Owner: BuraHub
--

CREATE INDEX authentication_authtoken_user_id_bea68f1c ON public.authentication_authtoken USING btree (user_id);


--
-- Name: authentication_loginattempt_user_id_253ccbc6; Type: INDEX; Schema: public; Owner: BuraHub
--

CREATE INDEX authentication_loginattempt_user_id_253ccbc6 ON public.authentication_loginattempt USING btree (user_id);


--
-- Name: authentication_refreshtoken_token_cbc58848_like; Type: INDEX; Schema: public; Owner: BuraHub
--

CREATE INDEX authentication_refreshtoken_token_cbc58848_like ON public.authentication_refreshtoken USING btree (token varchar_pattern_ops);


--
-- Name: authentication_refreshtoken_user_id_44db9199; Type: INDEX; Schema: public; Owner: BuraHub
--

CREATE INDEX authentication_refreshtoken_user_id_44db9199 ON public.authentication_refreshtoken USING btree (user_id);


--
-- Name: authtoken_token_key_10f0b77e_like; Type: INDEX; Schema: public; Owner: BuraHub
--

CREATE INDEX authtoken_token_key_10f0b77e_like ON public.authtoken_token USING btree (key varchar_pattern_ops);


--
-- Name: django_admin_log_content_type_id_c4bce8eb; Type: INDEX; Schema: public; Owner: BuraHub
--

CREATE INDEX django_admin_log_content_type_id_c4bce8eb ON public.django_admin_log USING btree (content_type_id);


--
-- Name: django_admin_log_user_id_c564eba6; Type: INDEX; Schema: public; Owner: BuraHub
--

CREATE INDEX django_admin_log_user_id_c564eba6 ON public.django_admin_log USING btree (user_id);


--
-- Name: django_celery_beat_periodictask_clocked_id_47a69f82; Type: INDEX; Schema: public; Owner: BuraHub
--

CREATE INDEX django_celery_beat_periodictask_clocked_id_47a69f82 ON public.django_celery_beat_periodictask USING btree (clocked_id);


--
-- Name: django_celery_beat_periodictask_crontab_id_d3cba168; Type: INDEX; Schema: public; Owner: BuraHub
--

CREATE INDEX django_celery_beat_periodictask_crontab_id_d3cba168 ON public.django_celery_beat_periodictask USING btree (crontab_id);


--
-- Name: django_celery_beat_periodictask_interval_id_a8ca27da; Type: INDEX; Schema: public; Owner: BuraHub
--

CREATE INDEX django_celery_beat_periodictask_interval_id_a8ca27da ON public.django_celery_beat_periodictask USING btree (interval_id);


--
-- Name: django_celery_beat_periodictask_name_265a36b7_like; Type: INDEX; Schema: public; Owner: BuraHub
--

CREATE INDEX django_celery_beat_periodictask_name_265a36b7_like ON public.django_celery_beat_periodictask USING btree (name varchar_pattern_ops);


--
-- Name: django_celery_beat_periodictask_solar_id_a87ce72c; Type: INDEX; Schema: public; Owner: BuraHub
--

CREATE INDEX django_celery_beat_periodictask_solar_id_a87ce72c ON public.django_celery_beat_periodictask USING btree (solar_id);


--
-- Name: django_session_expire_date_a5c62663; Type: INDEX; Schema: public; Owner: BuraHub
--

CREATE INDEX django_session_expire_date_a5c62663 ON public.django_session USING btree (expire_date);


--
-- Name: django_session_session_key_c0390e0f_like; Type: INDEX; Schema: public; Owner: BuraHub
--

CREATE INDEX django_session_session_key_c0390e0f_like ON public.django_session USING btree (session_key varchar_pattern_ops);


--
-- Name: indicators__created_18c571_idx; Type: INDEX; Schema: public; Owner: BuraHub
--

CREATE INDEX indicators__created_18c571_idx ON public.indicators_generatedreport USING btree (created_at);


--
-- Name: indicators__date_2c3d46_idx; Type: INDEX; Schema: public; Owner: BuraHub
--

CREATE INDEX indicators__date_2c3d46_idx ON public.indicators_inverterchartdata USING btree (date);


--
-- Name: indicators__date_56685a_idx; Type: INDEX; Schema: public; Owner: BuraHub
--

CREATE INDEX indicators__date_56685a_idx ON public.indicators_weatherstationchartdata USING btree (date);


--
-- Name: indicators__date_5bda50_idx; Type: INDEX; Schema: public; Owner: BuraHub
--

CREATE INDEX indicators__date_5bda50_idx ON public.indicators_inverterindicators USING btree (date, time_range);


--
-- Name: indicators__date_a7681b_idx; Type: INDEX; Schema: public; Owner: BuraHub
--

CREATE INDEX indicators__date_a7681b_idx ON public.indicators_weatherstationindicators USING btree (date, time_range);


--
-- Name: indicators__date_dc7917_idx; Type: INDEX; Schema: public; Owner: BuraHub
--

CREATE INDEX indicators__date_dc7917_idx ON public.indicators_electricmeterchartdata USING btree (date);


--
-- Name: indicators__date_f49e70_idx; Type: INDEX; Schema: public; Owner: BuraHub
--

CREATE INDEX indicators__date_f49e70_idx ON public.indicators_electricmeterconsumption USING btree (date, time_range);


--
-- Name: indicators__date_fa7955_idx; Type: INDEX; Schema: public; Owner: BuraHub
--

CREATE INDEX indicators__date_fa7955_idx ON public.indicators_electricmeterindicators USING btree (date, time_range);


--
-- Name: indicators__device__0e4683_idx; Type: INDEX; Schema: public; Owner: BuraHub
--

CREATE INDEX indicators__device__0e4683_idx ON public.indicators_inverterchartdata USING btree (device_id, date);


--
-- Name: indicators__device__28a906_idx; Type: INDEX; Schema: public; Owner: BuraHub
--

CREATE INDEX indicators__device__28a906_idx ON public.indicators_electricmeterchartdata USING btree (device_id, date);


--
-- Name: indicators__device__3ed751_idx; Type: INDEX; Schema: public; Owner: BuraHub
--

CREATE INDEX indicators__device__3ed751_idx ON public.indicators_electricmeterconsumption USING btree (device_id, date, time_range);


--
-- Name: indicators__device__4d678c_idx; Type: INDEX; Schema: public; Owner: BuraHub
--

CREATE INDEX indicators__device__4d678c_idx ON public.indicators_inverterindicators USING btree (device_id, date, time_range);


--
-- Name: indicators__device__acd3a7_idx; Type: INDEX; Schema: public; Owner: BuraHub
--

CREATE INDEX indicators__device__acd3a7_idx ON public.indicators_weatherstationindicators USING btree (device_id, date, time_range);


--
-- Name: indicators__device__b7a3f3_idx; Type: INDEX; Schema: public; Owner: BuraHub
--

CREATE INDEX indicators__device__b7a3f3_idx ON public.indicators_electricmeterindicators USING btree (device_id, date, time_range);


--
-- Name: indicators__device__e46f41_idx; Type: INDEX; Schema: public; Owner: BuraHub
--

CREATE INDEX indicators__device__e46f41_idx ON public.indicators_electricmeterenergyconsumption USING btree (device_id, date, time_range);


--
-- Name: indicators__device__e54e97_idx; Type: INDEX; Schema: public; Owner: BuraHub
--

CREATE INDEX indicators__device__e54e97_idx ON public.indicators_weatherstationchartdata USING btree (device_id, date);


--
-- Name: indicators__institu_08788d_idx; Type: INDEX; Schema: public; Owner: BuraHub
--

CREATE INDEX indicators__institu_08788d_idx ON public.indicators_weatherstationchartdata USING btree (institution_id, date);


--
-- Name: indicators__institu_0ee5fa_idx; Type: INDEX; Schema: public; Owner: BuraHub
--

CREATE INDEX indicators__institu_0ee5fa_idx ON public.indicators_electricmeterchartdata USING btree (institution_id, date);


--
-- Name: indicators__institu_354f69_idx; Type: INDEX; Schema: public; Owner: BuraHub
--

CREATE INDEX indicators__institu_354f69_idx ON public.indicators_inverterindicators USING btree (institution_id, date, time_range);


--
-- Name: indicators__institu_48abaf_idx; Type: INDEX; Schema: public; Owner: BuraHub
--

CREATE INDEX indicators__institu_48abaf_idx ON public.indicators_electricmeterenergyconsumption USING btree (institution_id, date, time_range);


--
-- Name: indicators__institu_696c21_idx; Type: INDEX; Schema: public; Owner: BuraHub
--

CREATE INDEX indicators__institu_696c21_idx ON public.indicators_weatherstationindicators USING btree (institution_id, date, time_range);


--
-- Name: indicators__institu_6def42_idx; Type: INDEX; Schema: public; Owner: BuraHub
--

CREATE INDEX indicators__institu_6def42_idx ON public.indicators_electricmeterconsumption USING btree (institution_id, date, time_range);


--
-- Name: indicators__institu_9e7c57_idx; Type: INDEX; Schema: public; Owner: BuraHub
--

CREATE INDEX indicators__institu_9e7c57_idx ON public.indicators_electricmeterindicators USING btree (institution_id, date, time_range);


--
-- Name: indicators__institu_aad381_idx; Type: INDEX; Schema: public; Owner: BuraHub
--

CREATE INDEX indicators__institu_aad381_idx ON public.indicators_inverterchartdata USING btree (institution_id, date);


--
-- Name: indicators__institu_c2f284_idx; Type: INDEX; Schema: public; Owner: BuraHub
--

CREATE INDEX indicators__institu_c2f284_idx ON public.indicators_generatedreport USING btree (institution_id, category);


--
-- Name: indicators__task_id_9e71de_idx; Type: INDEX; Schema: public; Owner: BuraHub
--

CREATE INDEX indicators__task_id_9e71de_idx ON public.indicators_generatedreport USING btree (task_id);


--
-- Name: indicators__user_id_67e4d6_idx; Type: INDEX; Schema: public; Owner: BuraHub
--

CREATE INDEX indicators__user_id_67e4d6_idx ON public.indicators_generatedreport USING btree (user_id, status);


--
-- Name: indicators_electricmeterchartdata_device_id_50fe5559; Type: INDEX; Schema: public; Owner: BuraHub
--

CREATE INDEX indicators_electricmeterchartdata_device_id_50fe5559 ON public.indicators_electricmeterchartdata USING btree (device_id);


--
-- Name: indicators_electricmeterchartdata_institution_id_5de35512; Type: INDEX; Schema: public; Owner: BuraHub
--

CREATE INDEX indicators_electricmeterchartdata_institution_id_5de35512 ON public.indicators_electricmeterchartdata USING btree (institution_id);


--
-- Name: indicators_electricmeterconsumption_device_id_0fafcc71; Type: INDEX; Schema: public; Owner: BuraHub
--

CREATE INDEX indicators_electricmeterconsumption_device_id_0fafcc71 ON public.indicators_electricmeterconsumption USING btree (device_id);


--
-- Name: indicators_electricmeterconsumption_institution_id_049e7654; Type: INDEX; Schema: public; Owner: BuraHub
--

CREATE INDEX indicators_electricmeterconsumption_institution_id_049e7654 ON public.indicators_electricmeterconsumption USING btree (institution_id);


--
-- Name: indicators_electricmeteren_institution_id_d885738c; Type: INDEX; Schema: public; Owner: BuraHub
--

CREATE INDEX indicators_electricmeteren_institution_id_d885738c ON public.indicators_electricmeterenergyconsumption USING btree (institution_id);


--
-- Name: indicators_electricmeterenergyconsumption_device_id_4250ebb2; Type: INDEX; Schema: public; Owner: BuraHub
--

CREATE INDEX indicators_electricmeterenergyconsumption_device_id_4250ebb2 ON public.indicators_electricmeterenergyconsumption USING btree (device_id);


--
-- Name: indicators_electricmeterindicators_device_id_6400190d; Type: INDEX; Schema: public; Owner: BuraHub
--

CREATE INDEX indicators_electricmeterindicators_device_id_6400190d ON public.indicators_electricmeterindicators USING btree (device_id);


--
-- Name: indicators_electricmeterindicators_institution_id_0bb0c0cf; Type: INDEX; Schema: public; Owner: BuraHub
--

CREATE INDEX indicators_electricmeterindicators_institution_id_0bb0c0cf ON public.indicators_electricmeterindicators USING btree (institution_id);


--
-- Name: indicators_generatedreport_task_id_73d6e138_like; Type: INDEX; Schema: public; Owner: BuraHub
--

CREATE INDEX indicators_generatedreport_task_id_73d6e138_like ON public.indicators_generatedreport USING btree (task_id varchar_pattern_ops);


--
-- Name: indicators_inverterchartdata_device_id_c77df7ea; Type: INDEX; Schema: public; Owner: BuraHub
--

CREATE INDEX indicators_inverterchartdata_device_id_c77df7ea ON public.indicators_inverterchartdata USING btree (device_id);


--
-- Name: indicators_inverterchartdata_institution_id_7c08decb; Type: INDEX; Schema: public; Owner: BuraHub
--

CREATE INDEX indicators_inverterchartdata_institution_id_7c08decb ON public.indicators_inverterchartdata USING btree (institution_id);


--
-- Name: indicators_inverterindicators_device_id_806e8bd0; Type: INDEX; Schema: public; Owner: BuraHub
--

CREATE INDEX indicators_inverterindicators_device_id_806e8bd0 ON public.indicators_inverterindicators USING btree (device_id);


--
-- Name: indicators_inverterindicators_institution_id_ee26d70c; Type: INDEX; Schema: public; Owner: BuraHub
--

CREATE INDEX indicators_inverterindicators_institution_id_ee26d70c ON public.indicators_inverterindicators USING btree (institution_id);


--
-- Name: indicators_weatherstationchartdata_device_id_4c31d237; Type: INDEX; Schema: public; Owner: BuraHub
--

CREATE INDEX indicators_weatherstationchartdata_device_id_4c31d237 ON public.indicators_weatherstationchartdata USING btree (device_id);


--
-- Name: indicators_weatherstationchartdata_institution_id_6a4092c3; Type: INDEX; Schema: public; Owner: BuraHub
--

CREATE INDEX indicators_weatherstationchartdata_institution_id_6a4092c3 ON public.indicators_weatherstationchartdata USING btree (institution_id);


--
-- Name: indicators_weatherstationindicators_device_id_74b6a474; Type: INDEX; Schema: public; Owner: BuraHub
--

CREATE INDEX indicators_weatherstationindicators_device_id_74b6a474 ON public.indicators_weatherstationindicators USING btree (device_id);


--
-- Name: indicators_weatherstationindicators_institution_id_9ab6ec73; Type: INDEX; Schema: public; Owner: BuraHub
--

CREATE INDEX indicators_weatherstationindicators_institution_id_9ab6ec73 ON public.indicators_weatherstationindicators USING btree (institution_id);


--
-- Name: scada_proxy_device_category_id_4394f828; Type: INDEX; Schema: public; Owner: BuraHub
--

CREATE INDEX scada_proxy_device_category_id_4394f828 ON public.scada_proxy_device USING btree (category_id);


--
-- Name: scada_proxy_device_institution_id_23c359bc; Type: INDEX; Schema: public; Owner: BuraHub
--

CREATE INDEX scada_proxy_device_institution_id_23c359bc ON public.scada_proxy_device USING btree (institution_id);


--
-- Name: scada_proxy_device_scada_id_a4938d8d_like; Type: INDEX; Schema: public; Owner: BuraHub
--

CREATE INDEX scada_proxy_device_scada_id_a4938d8d_like ON public.scada_proxy_device USING btree (scada_id varchar_pattern_ops);


--
-- Name: scada_proxy_devicecategory_name_c083df94_like; Type: INDEX; Schema: public; Owner: BuraHub
--

CREATE INDEX scada_proxy_devicecategory_name_c083df94_like ON public.scada_proxy_devicecategory USING btree (name varchar_pattern_ops);


--
-- Name: scada_proxy_devicecategory_scada_id_667ba97c_like; Type: INDEX; Schema: public; Owner: BuraHub
--

CREATE INDEX scada_proxy_devicecategory_scada_id_667ba97c_like ON public.scada_proxy_devicecategory USING btree (scada_id varchar_pattern_ops);


--
-- Name: scada_proxy_institution_scada_id_db41a63d_like; Type: INDEX; Schema: public; Owner: BuraHub
--

CREATE INDEX scada_proxy_institution_scada_id_db41a63d_like ON public.scada_proxy_institution USING btree (scada_id varchar_pattern_ops);


--
-- Name: scada_proxy_measurement_date_82cf8623; Type: INDEX; Schema: public; Owner: BuraHub
--

CREATE INDEX scada_proxy_measurement_date_82cf8623 ON public.scada_proxy_measurement USING btree (date);


--
-- Name: scada_proxy_measurement_device_id_4fd9751a; Type: INDEX; Schema: public; Owner: BuraHub
--

CREATE INDEX scada_proxy_measurement_device_id_4fd9751a ON public.scada_proxy_measurement USING btree (device_id);


--
-- Name: scada_proxy_taskprogress_task_id_d80e61c4_like; Type: INDEX; Schema: public; Owner: BuraHub
--

CREATE INDEX scada_proxy_taskprogress_task_id_d80e61c4_like ON public.scada_proxy_taskprogress USING btree (task_id varchar_pattern_ops);


--
-- Name: auth_group_permissions auth_group_permissio_permission_id_84c5c92e_fk_auth_perm; Type: FK CONSTRAINT; Schema: public; Owner: BuraHub
--

ALTER TABLE ONLY public.auth_group_permissions
    ADD CONSTRAINT auth_group_permissio_permission_id_84c5c92e_fk_auth_perm FOREIGN KEY (permission_id) REFERENCES public.auth_permission(id) DEFERRABLE INITIALLY DEFERRED;


--
-- Name: auth_group_permissions auth_group_permissions_group_id_b120cbf9_fk_auth_group_id; Type: FK CONSTRAINT; Schema: public; Owner: BuraHub
--

ALTER TABLE ONLY public.auth_group_permissions
    ADD CONSTRAINT auth_group_permissions_group_id_b120cbf9_fk_auth_group_id FOREIGN KEY (group_id) REFERENCES public.auth_group(id) DEFERRABLE INITIALLY DEFERRED;


--
-- Name: auth_permission auth_permission_content_type_id_2f476e4b_fk_django_co; Type: FK CONSTRAINT; Schema: public; Owner: BuraHub
--

ALTER TABLE ONLY public.auth_permission
    ADD CONSTRAINT auth_permission_content_type_id_2f476e4b_fk_django_co FOREIGN KEY (content_type_id) REFERENCES public.django_content_type(id) DEFERRABLE INITIALLY DEFERRED;


--
-- Name: auth_user_groups auth_user_groups_group_id_97559544_fk_auth_group_id; Type: FK CONSTRAINT; Schema: public; Owner: BuraHub
--

ALTER TABLE ONLY public.auth_user_groups
    ADD CONSTRAINT auth_user_groups_group_id_97559544_fk_auth_group_id FOREIGN KEY (group_id) REFERENCES public.auth_group(id) DEFERRABLE INITIALLY DEFERRED;


--
-- Name: auth_user_groups auth_user_groups_user_id_6a12ed8b_fk_auth_user_id; Type: FK CONSTRAINT; Schema: public; Owner: BuraHub
--

ALTER TABLE ONLY public.auth_user_groups
    ADD CONSTRAINT auth_user_groups_user_id_6a12ed8b_fk_auth_user_id FOREIGN KEY (user_id) REFERENCES public.auth_user(id) DEFERRABLE INITIALLY DEFERRED;


--
-- Name: auth_user_user_permissions auth_user_user_permi_permission_id_1fbb5f2c_fk_auth_perm; Type: FK CONSTRAINT; Schema: public; Owner: BuraHub
--

ALTER TABLE ONLY public.auth_user_user_permissions
    ADD CONSTRAINT auth_user_user_permi_permission_id_1fbb5f2c_fk_auth_perm FOREIGN KEY (permission_id) REFERENCES public.auth_permission(id) DEFERRABLE INITIALLY DEFERRED;


--
-- Name: auth_user_user_permissions auth_user_user_permissions_user_id_a95ead1b_fk_auth_user_id; Type: FK CONSTRAINT; Schema: public; Owner: BuraHub
--

ALTER TABLE ONLY public.auth_user_user_permissions
    ADD CONSTRAINT auth_user_user_permissions_user_id_a95ead1b_fk_auth_user_id FOREIGN KEY (user_id) REFERENCES public.auth_user(id) DEFERRABLE INITIALLY DEFERRED;


--
-- Name: authentication_authtoken authentication_authtoken_user_id_bea68f1c_fk_auth_user_id; Type: FK CONSTRAINT; Schema: public; Owner: BuraHub
--

ALTER TABLE ONLY public.authentication_authtoken
    ADD CONSTRAINT authentication_authtoken_user_id_bea68f1c_fk_auth_user_id FOREIGN KEY (user_id) REFERENCES public.auth_user(id) DEFERRABLE INITIALLY DEFERRED;


--
-- Name: authentication_loginattempt authentication_loginattempt_user_id_253ccbc6_fk_auth_user_id; Type: FK CONSTRAINT; Schema: public; Owner: BuraHub
--

ALTER TABLE ONLY public.authentication_loginattempt
    ADD CONSTRAINT authentication_loginattempt_user_id_253ccbc6_fk_auth_user_id FOREIGN KEY (user_id) REFERENCES public.auth_user(id) DEFERRABLE INITIALLY DEFERRED;


--
-- Name: authentication_refreshtoken authentication_refreshtoken_user_id_44db9199_fk_auth_user_id; Type: FK CONSTRAINT; Schema: public; Owner: BuraHub
--

ALTER TABLE ONLY public.authentication_refreshtoken
    ADD CONSTRAINT authentication_refreshtoken_user_id_44db9199_fk_auth_user_id FOREIGN KEY (user_id) REFERENCES public.auth_user(id) DEFERRABLE INITIALLY DEFERRED;


--
-- Name: authentication_userprofile authentication_userprofile_user_id_83547247_fk_auth_user_id; Type: FK CONSTRAINT; Schema: public; Owner: BuraHub
--

ALTER TABLE ONLY public.authentication_userprofile
    ADD CONSTRAINT authentication_userprofile_user_id_83547247_fk_auth_user_id FOREIGN KEY (user_id) REFERENCES public.auth_user(id) DEFERRABLE INITIALLY DEFERRED;


--
-- Name: authtoken_token authtoken_token_user_id_35299eff_fk_auth_user_id; Type: FK CONSTRAINT; Schema: public; Owner: BuraHub
--

ALTER TABLE ONLY public.authtoken_token
    ADD CONSTRAINT authtoken_token_user_id_35299eff_fk_auth_user_id FOREIGN KEY (user_id) REFERENCES public.auth_user(id) DEFERRABLE INITIALLY DEFERRED;


--
-- Name: django_admin_log django_admin_log_content_type_id_c4bce8eb_fk_django_co; Type: FK CONSTRAINT; Schema: public; Owner: BuraHub
--

ALTER TABLE ONLY public.django_admin_log
    ADD CONSTRAINT django_admin_log_content_type_id_c4bce8eb_fk_django_co FOREIGN KEY (content_type_id) REFERENCES public.django_content_type(id) DEFERRABLE INITIALLY DEFERRED;


--
-- Name: django_admin_log django_admin_log_user_id_c564eba6_fk_auth_user_id; Type: FK CONSTRAINT; Schema: public; Owner: BuraHub
--

ALTER TABLE ONLY public.django_admin_log
    ADD CONSTRAINT django_admin_log_user_id_c564eba6_fk_auth_user_id FOREIGN KEY (user_id) REFERENCES public.auth_user(id) DEFERRABLE INITIALLY DEFERRED;


--
-- Name: django_celery_beat_periodictask django_celery_beat_p_clocked_id_47a69f82_fk_django_ce; Type: FK CONSTRAINT; Schema: public; Owner: BuraHub
--

ALTER TABLE ONLY public.django_celery_beat_periodictask
    ADD CONSTRAINT django_celery_beat_p_clocked_id_47a69f82_fk_django_ce FOREIGN KEY (clocked_id) REFERENCES public.django_celery_beat_clockedschedule(id) DEFERRABLE INITIALLY DEFERRED;


--
-- Name: django_celery_beat_periodictask django_celery_beat_p_crontab_id_d3cba168_fk_django_ce; Type: FK CONSTRAINT; Schema: public; Owner: BuraHub
--

ALTER TABLE ONLY public.django_celery_beat_periodictask
    ADD CONSTRAINT django_celery_beat_p_crontab_id_d3cba168_fk_django_ce FOREIGN KEY (crontab_id) REFERENCES public.django_celery_beat_crontabschedule(id) DEFERRABLE INITIALLY DEFERRED;


--
-- Name: django_celery_beat_periodictask django_celery_beat_p_interval_id_a8ca27da_fk_django_ce; Type: FK CONSTRAINT; Schema: public; Owner: BuraHub
--

ALTER TABLE ONLY public.django_celery_beat_periodictask
    ADD CONSTRAINT django_celery_beat_p_interval_id_a8ca27da_fk_django_ce FOREIGN KEY (interval_id) REFERENCES public.django_celery_beat_intervalschedule(id) DEFERRABLE INITIALLY DEFERRED;


--
-- Name: django_celery_beat_periodictask django_celery_beat_p_solar_id_a87ce72c_fk_django_ce; Type: FK CONSTRAINT; Schema: public; Owner: BuraHub
--

ALTER TABLE ONLY public.django_celery_beat_periodictask
    ADD CONSTRAINT django_celery_beat_p_solar_id_a87ce72c_fk_django_ce FOREIGN KEY (solar_id) REFERENCES public.django_celery_beat_solarschedule(id) DEFERRABLE INITIALLY DEFERRED;


--
-- Name: indicators_electricmeterconsumption indicators_electricm_device_id_0fafcc71_fk_scada_pro; Type: FK CONSTRAINT; Schema: public; Owner: BuraHub
--

ALTER TABLE ONLY public.indicators_electricmeterconsumption
    ADD CONSTRAINT indicators_electricm_device_id_0fafcc71_fk_scada_pro FOREIGN KEY (device_id) REFERENCES public.scada_proxy_device(id) DEFERRABLE INITIALLY DEFERRED;


--
-- Name: indicators_electricmeterenergyconsumption indicators_electricm_device_id_4250ebb2_fk_scada_pro; Type: FK CONSTRAINT; Schema: public; Owner: BuraHub
--

ALTER TABLE ONLY public.indicators_electricmeterenergyconsumption
    ADD CONSTRAINT indicators_electricm_device_id_4250ebb2_fk_scada_pro FOREIGN KEY (device_id) REFERENCES public.scada_proxy_device(id) DEFERRABLE INITIALLY DEFERRED;


--
-- Name: indicators_electricmeterchartdata indicators_electricm_device_id_50fe5559_fk_scada_pro; Type: FK CONSTRAINT; Schema: public; Owner: BuraHub
--

ALTER TABLE ONLY public.indicators_electricmeterchartdata
    ADD CONSTRAINT indicators_electricm_device_id_50fe5559_fk_scada_pro FOREIGN KEY (device_id) REFERENCES public.scada_proxy_device(id) DEFERRABLE INITIALLY DEFERRED;


--
-- Name: indicators_electricmeterindicators indicators_electricm_device_id_6400190d_fk_scada_pro; Type: FK CONSTRAINT; Schema: public; Owner: BuraHub
--

ALTER TABLE ONLY public.indicators_electricmeterindicators
    ADD CONSTRAINT indicators_electricm_device_id_6400190d_fk_scada_pro FOREIGN KEY (device_id) REFERENCES public.scada_proxy_device(id) DEFERRABLE INITIALLY DEFERRED;


--
-- Name: indicators_electricmeterconsumption indicators_electricm_institution_id_049e7654_fk_scada_pro; Type: FK CONSTRAINT; Schema: public; Owner: BuraHub
--

ALTER TABLE ONLY public.indicators_electricmeterconsumption
    ADD CONSTRAINT indicators_electricm_institution_id_049e7654_fk_scada_pro FOREIGN KEY (institution_id) REFERENCES public.scada_proxy_institution(id) DEFERRABLE INITIALLY DEFERRED;


--
-- Name: indicators_electricmeterindicators indicators_electricm_institution_id_0bb0c0cf_fk_scada_pro; Type: FK CONSTRAINT; Schema: public; Owner: BuraHub
--

ALTER TABLE ONLY public.indicators_electricmeterindicators
    ADD CONSTRAINT indicators_electricm_institution_id_0bb0c0cf_fk_scada_pro FOREIGN KEY (institution_id) REFERENCES public.scada_proxy_institution(id) DEFERRABLE INITIALLY DEFERRED;


--
-- Name: indicators_electricmeterchartdata indicators_electricm_institution_id_5de35512_fk_scada_pro; Type: FK CONSTRAINT; Schema: public; Owner: BuraHub
--

ALTER TABLE ONLY public.indicators_electricmeterchartdata
    ADD CONSTRAINT indicators_electricm_institution_id_5de35512_fk_scada_pro FOREIGN KEY (institution_id) REFERENCES public.scada_proxy_institution(id) DEFERRABLE INITIALLY DEFERRED;


--
-- Name: indicators_electricmeterenergyconsumption indicators_electricm_institution_id_d885738c_fk_scada_pro; Type: FK CONSTRAINT; Schema: public; Owner: BuraHub
--

ALTER TABLE ONLY public.indicators_electricmeterenergyconsumption
    ADD CONSTRAINT indicators_electricm_institution_id_d885738c_fk_scada_pro FOREIGN KEY (institution_id) REFERENCES public.scada_proxy_institution(id) DEFERRABLE INITIALLY DEFERRED;


--
-- Name: indicators_inverterchartdata indicators_inverterc_device_id_c77df7ea_fk_scada_pro; Type: FK CONSTRAINT; Schema: public; Owner: BuraHub
--

ALTER TABLE ONLY public.indicators_inverterchartdata
    ADD CONSTRAINT indicators_inverterc_device_id_c77df7ea_fk_scada_pro FOREIGN KEY (device_id) REFERENCES public.scada_proxy_device(id) DEFERRABLE INITIALLY DEFERRED;


--
-- Name: indicators_inverterchartdata indicators_inverterc_institution_id_7c08decb_fk_scada_pro; Type: FK CONSTRAINT; Schema: public; Owner: BuraHub
--

ALTER TABLE ONLY public.indicators_inverterchartdata
    ADD CONSTRAINT indicators_inverterc_institution_id_7c08decb_fk_scada_pro FOREIGN KEY (institution_id) REFERENCES public.scada_proxy_institution(id) DEFERRABLE INITIALLY DEFERRED;


--
-- Name: indicators_inverterindicators indicators_inverteri_device_id_806e8bd0_fk_scada_pro; Type: FK CONSTRAINT; Schema: public; Owner: BuraHub
--

ALTER TABLE ONLY public.indicators_inverterindicators
    ADD CONSTRAINT indicators_inverteri_device_id_806e8bd0_fk_scada_pro FOREIGN KEY (device_id) REFERENCES public.scada_proxy_device(id) DEFERRABLE INITIALLY DEFERRED;


--
-- Name: indicators_inverterindicators indicators_inverteri_institution_id_ee26d70c_fk_scada_pro; Type: FK CONSTRAINT; Schema: public; Owner: BuraHub
--

ALTER TABLE ONLY public.indicators_inverterindicators
    ADD CONSTRAINT indicators_inverteri_institution_id_ee26d70c_fk_scada_pro FOREIGN KEY (institution_id) REFERENCES public.scada_proxy_institution(id) DEFERRABLE INITIALLY DEFERRED;


--
-- Name: indicators_weatherstationchartdata indicators_weatherst_device_id_4c31d237_fk_scada_pro; Type: FK CONSTRAINT; Schema: public; Owner: BuraHub
--

ALTER TABLE ONLY public.indicators_weatherstationchartdata
    ADD CONSTRAINT indicators_weatherst_device_id_4c31d237_fk_scada_pro FOREIGN KEY (device_id) REFERENCES public.scada_proxy_device(id) DEFERRABLE INITIALLY DEFERRED;


--
-- Name: indicators_weatherstationindicators indicators_weatherst_device_id_74b6a474_fk_scada_pro; Type: FK CONSTRAINT; Schema: public; Owner: BuraHub
--

ALTER TABLE ONLY public.indicators_weatherstationindicators
    ADD CONSTRAINT indicators_weatherst_device_id_74b6a474_fk_scada_pro FOREIGN KEY (device_id) REFERENCES public.scada_proxy_device(id) DEFERRABLE INITIALLY DEFERRED;


--
-- Name: indicators_weatherstationchartdata indicators_weatherst_institution_id_6a4092c3_fk_scada_pro; Type: FK CONSTRAINT; Schema: public; Owner: BuraHub
--

ALTER TABLE ONLY public.indicators_weatherstationchartdata
    ADD CONSTRAINT indicators_weatherst_institution_id_6a4092c3_fk_scada_pro FOREIGN KEY (institution_id) REFERENCES public.scada_proxy_institution(id) DEFERRABLE INITIALLY DEFERRED;


--
-- Name: indicators_weatherstationindicators indicators_weatherst_institution_id_9ab6ec73_fk_scada_pro; Type: FK CONSTRAINT; Schema: public; Owner: BuraHub
--

ALTER TABLE ONLY public.indicators_weatherstationindicators
    ADD CONSTRAINT indicators_weatherst_institution_id_9ab6ec73_fk_scada_pro FOREIGN KEY (institution_id) REFERENCES public.scada_proxy_institution(id) DEFERRABLE INITIALLY DEFERRED;


--
-- Name: scada_proxy_device scada_proxy_device_category_id_4394f828_fk_scada_pro; Type: FK CONSTRAINT; Schema: public; Owner: BuraHub
--

ALTER TABLE ONLY public.scada_proxy_device
    ADD CONSTRAINT scada_proxy_device_category_id_4394f828_fk_scada_pro FOREIGN KEY (category_id) REFERENCES public.scada_proxy_devicecategory(id) DEFERRABLE INITIALLY DEFERRED;


--
-- Name: scada_proxy_device scada_proxy_device_institution_id_23c359bc_fk_scada_pro; Type: FK CONSTRAINT; Schema: public; Owner: BuraHub
--

ALTER TABLE ONLY public.scada_proxy_device
    ADD CONSTRAINT scada_proxy_device_institution_id_23c359bc_fk_scada_pro FOREIGN KEY (institution_id) REFERENCES public.scada_proxy_institution(id) DEFERRABLE INITIALLY DEFERRED;


--
-- Name: scada_proxy_measurement scada_proxy_measurem_device_id_4fd9751a_fk_scada_pro; Type: FK CONSTRAINT; Schema: public; Owner: BuraHub
--

ALTER TABLE ONLY public.scada_proxy_measurement
    ADD CONSTRAINT scada_proxy_measurem_device_id_4fd9751a_fk_scada_pro FOREIGN KEY (device_id) REFERENCES public.scada_proxy_device(id) DEFERRABLE INITIALLY DEFERRED;


--
-- PostgreSQL database dump complete
--

\unrestrict Zu4xbzytaqmDfhrlTtP04KdRk5f7tRRnKpPrcfEZBdq41enix4YsHIwpPGs91HZ

